001 First Barnstable District,965,2.83,"1,364",4.01,"1,130",3.32,"1,359",3.99,"3,624",10.64,0,0,537,1.58,722,2.12,566,1.66,816,2.4,"2,487",7.3,0,0,"2,687",7.89,"3,108",9.13,"2,350",6.9,"3,037",8.92,"8,887",26.1,0,0,107,0.31,124,0.36,58,0.17,50,0.15,73,0.21,0,0,15,0.04,27,0.08,32,0.09,20,0.06,2,0.01,10,0.03,"6,997",20.55,169,0.5,852,2.5,44,0.13,42,0.12,39,0.11,0,0,193,0.57,0,0,3,0.01,1,0,8,0.02,2,0.01,5,0.01,"4,496",13.2,47,0.14,428,1.26,7,0.02,14,0.04,12,0.04,0,0,105,0.31,13,0.04,17,0.05,19,0.06,46,0.14,16,0.05,11,0.03,"17,360",50.98,278,0.82,"1,775",5.21,52,0.15,69,0.2,38,0.11,0,0,375,1.1,0,0,0,0,0,0,0,0,2,0.01,1,0,315,0.93,5,0.01,51,0.15,0,0,1,0,1,0,0,0,36,0.11,"3,198",9.39,"5,229",15.36,15,0.04,"2,645",7.77,"2,475",7.27,8,0.02,"9,305",27.33,"10,742",31.55,22,0.06,185,0.54,226,0.66,1,0,"34,051"
002 Second Barnstable District,"1,174",3.91,"1,389",4.63,"1,082",3.6,"1,166",3.88,"2,633",8.77,0,0,607,2.02,711,2.37,572,1.9,772,2.57,"1,984",6.61,0,0,"2,946",9.81,"3,104",10.34,"2,148",7.15,"2,619",8.72,"6,800",22.64,0,0,110,0.37,109,0.36,37,0.12,33,0.11,34,0.11,0,0,31,0.1,49,0.16,52,0.17,21,0.07,13,0.04,13,0.04,"5,371",17.89,242,0.81,"1,196",3.98,109,0.36,111,0.37,66,0.22,0,0,170,0.57,5,0.02,0,0,6,0.02,7,0.02,4,0.01,4,0.01,"3,886",12.94,73,0.24,522,1.74,17,0.06,18,0.06,10,0.03,0,0,94,0.31,24,0.08,32,0.11,46,0.15,72,0.24,24,0.08,33,0.11,"13,862",46.16,434,1.45,"2,318",7.72,107,0.36,146,0.49,87,0.29,0,0,432,1.44,0,0,0,0,1,0,1,0,0,0,0,0,228,0.76,4,0.01,58,0.19,2,0.01,5,0.02,4,0.01,0,0,20,0.07,"2,909",9.69,"4,501",14.99,34,0.11,"2,463",8.2,"2,174",7.24,9,0.03,"8,356",27.83,"9,199",30.63,62,0.21,167,0.56,156,0.52,0,0,"30,030"
003 Third Barnstable District,847,2.68,"1,161",3.68,992,3.14,"1,282",4.06,"3,244",10.27,0,0,461,1.46,698,2.21,548,1.73,778,2.46,"2,062",6.53,0,0,"2,655",8.41,"3,041",9.63,"2,404",7.61,"3,096",9.8,"7,954",25.18,0,0,128,0.41,110,0.35,45,0.14,27,0.09,53,0.17,0,0,11,0.03,37,0.12,28,0.09,25,0.08,8,0.03,7,0.02,"6,037",19.11,216,0.68,903,2.86,25,0.08,43,0.14,22,0.07,0,0,164,0.52,0,0,4,0.01,3,0.01,9,0.03,6,0.02,8,0.03,"3,950",12.51,54,0.17,402,1.27,11,0.03,11,0.03,10,0.03,0,0,79,0.25,12,0.04,32,0.1,24,0.08,44,0.14,18,0.06,20,0.06,"16,180",51.23,306,0.97,"1,938",6.14,40,0.13,71,0.22,46,0.15,0,0,419,1.33,0,0,1,0,0,0,1,0,0,0,0,0,269,0.85,4,0.01,52,0.16,0,0,1,0,1,0,0,0,34,0.11,"2,965",9.39,"4,558",14.43,3,0.01,"2,472",7.83,"2,075",6.57,0,0,"8,895",28.16,"10,250",32.45,5,0.02,152,0.48,210,0.66,1,0,"31,586"
005 Fifth Barnstable,629,2.08,989,3.27,800,2.65,"1,112",3.68,"2,558",8.47,0,0,540,1.79,787,2.6,632,2.09,945,3.13,"2,300",7.61,0,0,"2,449",8.1,"3,125",10.34,"2,347",7.77,"3,048",10.09,"7,547",24.98,0,0,106,0.35,126,0.42,61,0.2,62,0.21,53,0.18,0,0,0,0,17,0.06,9,0.03,24,0.08,14,0.05,16,0.05,"5,160",17.08,115,0.38,558,1.85,15,0.05,30,0.1,25,0.08,0,0,105,0.35,0,0,1,0,3,0.01,1,0,4,0.01,1,0,"4,640",15.36,39,0.13,389,1.29,4,0.01,8,0.03,8,0.03,0,0,106,0.35,4,0.01,17,0.06,4,0.01,58,0.19,13,0.04,31,0.1,"16,305",53.96,197,0.65,"1,404",4.65,36,0.12,48,0.16,32,0.11,0,0,367,1.21,0,0,2,0.01,0,0,0,0,0,0,0,0,336,1.11,8,0.03,42,0.14,2,0.01,2,0.01,1,0,0,0,15,0.05,"2,415",7.99,"3,658",12.11,15,0.05,"2,932",9.7,"2,268",7.51,4,0.01,"8,791",29.09,"9,696",32.09,29,0.1,195,0.65,212,0.7,1,0,"30,216"
"006 Barnstable, Dukes & Nantucket District",320,2.83,500,4.43,418,3.7,525,4.65,"1,692",14.97,0,0,107,0.95,173,1.53,177,1.57,218,1.93,654,5.79,0,0,704,6.23,905,8.01,757,6.7,995,8.81,"3,065",27.13,0,0,25,0.22,29,0.26,9,0.08,14,0.12,12,0.11,0,0,1,0.01,5,0.04,13,0.12,12,0.11,6,0.05,7,0.06,"2,871",25.41,48,0.42,366,3.24,7,0.06,14,0.12,10,0.09,0,0,95,0.84,0,0,1,0.01,1,0.01,1,0.01,0,0,3,0.03,"1,152",10.2,12,0.11,126,1.12,2,0.02,2,0.02,0,0,0,0,29,0.26,2,0.02,9,0.08,6,0.05,15,0.13,2,0.02,9,0.08,"5,514",48.8,78,0.69,611,5.41,9,0.08,28,0.25,10,0.09,0,0,133,1.18,1,0.01,1,0.01,0,0,2,0.02,0,0,0,0,61,0.54,0,0,15,0.13,0,0,0,0,0,0,0,0,9,0.08,"1,367",12.1,"2,087",18.47,1,0.01,684,6.05,645,5.71,0,0,"2,987",26.44,"3,438",30.43,1,0.01,42,0.37,47,0.42,0,0,"11,299"
010 Fourth Berkshire District,45,2.99,45,2.99,33,2.19,47,3.13,87,5.78,0,0,37,2.46,54,3.59,39,2.59,60,3.99,118,7.85,0,0,136,9.04,193,12.83,133,8.84,178,11.84,277,18.42,0,0,6,0.4,6,0.4,5,0.33,3,0.2,2,0.13,0,0,0,0,2,0.13,0,0,0,0,0,0,0,0,215,14.3,4,0.27,23,1.53,4,0.27,1,0.07,3,0.2,0,0,5,0.33,0,0,0,0,0,0,0,0,0,0,1,0.07,263,17.49,4,0.27,31,2.06,1,0.07,1,0.07,0,0,0,0,7,0.47,0,0,0,0,0,0,1,0.07,0,0,0,0,834,55.45,11,0.73,54,3.59,2,0.13,0,0,2,0.13,0,0,13,0.86,0,0,1,0.07,0,0,0,0,0,0,0,0,17,1.13,0,0,2,0.13,0,0,0,0,0,0,0,0,2,0.13,106,7.05,150,9.97,1,0.07,167,11.1,141,9.38,0,0,445,29.59,466,30.98,6,0.4,8,0.53,13,0.86,1,0.07,"1,504"
011 First Bristol District,823,2.89,"1,181",4.15,951,3.34,"1,094",3.84,"2,365",8.31,0,0,431,1.51,569,2,501,1.76,648,2.28,"1,679",5.9,0,0,"2,628",9.23,"3,281",11.53,"2,513",8.83,"2,894",10.17,"6,569",23.08,0,0,93,0.33,100,0.35,53,0.19,49,0.17,45,0.16,0,0,41,0.14,40,0.14,78,0.27,61,0.21,23,0.08,26,0.09,"4,916",17.27,145,0.51,824,2.89,31,0.11,55,0.19,39,0.14,0,0,135,0.47,1,0,5,0.02,3,0.01,26,0.09,8,0.03,9,0.03,"3,238",11.37,42,0.15,381,1.34,11,0.04,10,0.04,10,0.04,0,0,84,0.3,22,0.08,30,0.11,27,0.09,159,0.56,48,0.17,50,0.18,"14,752",51.82,296,1.04,"1,919",6.74,70,0.25,71,0.25,51,0.18,0,0,390,1.37,0,0,2,0.01,3,0.01,1,0,0,0,0,0,254,0.89,9,0.03,47,0.17,2,0.01,2,0.01,1,0,0,0,19,0.07,"2,618",9.2,"3,785",13.3,11,0.04,"2,218",7.79,"1,607",5.65,3,0.01,"8,624",30.29,"9,235",32.44,26,0.09,182,0.64,157,0.55,1,0,"28,467"
012 Second Bristol District,470,3.91,568,4.73,479,3.99,438,3.65,791,6.59,0,0,205,1.71,281,2.34,237,1.97,263,2.19,560,4.66,0,0,"1,409",11.73,"1,505",12.53,"1,126",9.38,"1,211",10.08,"2,265",18.86,0,0,54,0.45,53,0.44,46,0.38,25,0.21,24,0.2,0,0,18,0.15,25,0.21,36,0.3,43,0.36,18,0.15,14,0.12,"1,724",14.35,136,1.13,496,4.13,57,0.47,59,0.49,34,0.28,0,0,86,0.72,2,0.02,1,0.01,5,0.04,19,0.16,2,0.02,5,0.04,"1,180",9.83,33,0.27,226,1.88,11,0.09,13,0.11,7,0.06,0,0,42,0.35,14,0.12,16,0.13,20,0.17,86,0.72,21,0.17,32,0.27,"5,603",46.65,193,1.61,"1,097",9.13,63,0.52,89,0.74,67,0.56,0,0,215,1.79,2,0.02,0,0,1,0.01,0,0,0,0,0,0,131,1.09,7,0.06,40,0.33,1,0.01,3,0.02,3,0.02,0,0,14,0.12,"1,130",9.41,"1,615",13.45,1,0.01,887,7.39,658,5.48,1,0.01,"3,561",29.65,"3,952",32.91,3,0.02,107,0.89,95,0.79,0,0,"12,010"
013 Third Bristol District,"1,559",5.79,"1,557",5.79,"1,256",4.67,"1,260",4.68,"2,477",9.2,0,0,490,1.82,531,1.97,360,1.34,423,1.57,852,3.17,0,0,"3,282",12.19,"3,134",11.64,"2,231",8.29,"2,380",8.84,"4,728",17.57,0,0,126,0.47,137,0.51,61,0.23,43,0.16,26,0.1,0,0,89,0.33,96,0.36,168,0.62,26,0.1,9,0.03,9,0.03,"4,514",16.77,592,2.2,"1,622",6.03,247,0.92,323,1.2,247,0.92,0,0,167,0.62,1,0,6,0.02,6,0.02,5,0.02,3,0.01,4,0.01,"1,934",7.19,84,0.31,449,1.67,42,0.16,40,0.15,14,0.05,0,0,68,0.25,39,0.14,73,0.27,67,0.25,53,0.2,26,0.1,19,0.07,"10,855",40.33,734,2.73,"2,791",10.37,209,0.78,304,1.13,178,0.66,0,0,407,1.51,3,0.01,4,0.01,5,0.02,0,0,0,0,2,0.01,231,0.86,25,0.09,80,0.3,8,0.03,10,0.04,3,0.01,0,0,22,0.08,"3,409",12.67,"4,644",17.26,56,0.21,"1,542",5.73,"1,109",4.12,5,0.02,"7,465",27.74,"8,210",30.51,80,0.3,169,0.63,223,0.83,1,0,"26,913"
014 Fourth Bristol District,"1,083",3.65,"1,250",4.21,"1,013",3.41,"1,012",3.41,"1,640",5.52,0,0,551,1.86,804,2.71,623,2.1,624,2.1,"1,433",4.82,0,0,"3,269",11.01,"3,722",12.53,"3,014",10.15,"3,156",10.63,"6,065",20.42,0,0,140,0.47,150,0.51,68,0.23,44,0.15,41,0.14,0,0,8,0.03,12,0.04,14,0.05,47,0.16,16,0.05,18,0.06,"4,379",14.74,255,0.86,850,2.86,39,0.13,110,0.37,78,0.26,0,0,172,0.58,0,0,7,0.02,2,0.01,10,0.03,5,0.02,3,0.01,"3,303",11.12,97,0.33,422,1.42,14,0.05,31,0.1,22,0.07,0,0,119,0.4,3,0.01,7,0.02,10,0.03,86,0.29,26,0.09,27,0.09,"15,717",52.92,518,1.74,"2,036",6.85,48,0.16,141,0.47,90,0.3,0,0,517,1.74,0,0,4,0.01,2,0.01,4,0.01,2,0.01,0,0,314,1.06,11,0.04,60,0.2,2,0.01,3,0.01,4,0.01,0,0,37,0.12,"2,450",8.25,"3,543",11.93,5,0.02,"2,281",7.68,"1,751",5.9,3,0.01,"9,319",31.37,"9,902",33.34,5,0.02,220,0.74,223,0.75,0,0,"29,702"
022 Twelfth Bristol District,"1,042",3.66,"1,153",4.06,898,3.16,"1,090",3.83,"1,761",6.19,0,0,505,1.78,693,2.44,488,1.72,629,2.21,"1,428",5.02,0,0,"3,473",12.21,"3,431",12.07,"2,674",9.4,"3,070",10.8,"5,638",19.83,0,0,155,0.55,129,0.45,72,0.25,63,0.22,42,0.15,0,0,24,0.08,41,0.14,52,0.18,32,0.11,10,0.04,14,0.05,"4,342",15.27,282,0.99,837,2.94,51,0.18,104,0.37,65,0.23,0,0,90,0.32,0,0,2,0.01,1,0,13,0.05,3,0.01,8,0.03,"3,179",11.18,76,0.27,348,1.22,9,0.03,14,0.05,16,0.06,0,0,74,0.26,17,0.06,35,0.12,20,0.07,53,0.19,21,0.07,30,0.11,"14,976",52.67,447,1.57,"2,012",7.08,69,0.24,143,0.5,72,0.25,0,0,391,1.38,0,0,0,0,2,0.01,0,0,2,0.01,0,0,352,1.24,11,0.04,63,0.22,3,0.01,4,0.01,0,0,0,0,24,0.08,"2,462",8.66,"3,466",12.19,16,0.06,"2,209",7.77,"1,525",5.36,9,0.03,"8,757",30.8,"9,504",33.42,25,0.09,223,0.78,236,0.83,2,0.01,"28,434"
024 Fourteenth Bristol District,776,2.85,"1,105",4.06,939,3.45,972,3.57,"1,785",6.56,0,0,465,1.71,726,2.67,567,2.08,741,2.72,"1,728",6.35,0,0,"2,702",9.93,"3,445",12.66,"2,561",9.41,"2,795",10.27,"5,577",20.49,0,0,89,0.33,119,0.44,47,0.17,48,0.18,34,0.12,0,0,25,0.09,33,0.12,39,0.14,71,0.26,16,0.06,27,0.1,"4,190",15.39,164,0.6,694,2.55,71,0.26,53,0.19,41,0.15,0,0,153,0.56,4,0.01,5,0.02,5,0.02,23,0.08,9,0.03,4,0.01,"3,556",13.06,53,0.19,434,1.59,15,0.06,15,0.06,11,0.04,0,0,93,0.34,8,0.03,18,0.07,30,0.11,213,0.78,46,0.17,66,0.24,"13,863",50.93,325,1.19,"1,907",7.01,62,0.23,73,0.27,42,0.15,0,0,427,1.57,1,0,1,0,2,0.01,4,0.01,0,0,0,0,233,0.86,8,0.03,55,0.2,2,0.01,4,0.01,0,0,0,0,27,0.1,"2,267",8.33,"3,297",12.11,13,0.05,"2,450",9,"1,772",6.51,5,0.02,"8,108",29.79,"8,931",32.81,41,0.15,170,0.62,166,0.61,1,0,"27,221"
025 First Essex District,970,2.93,"1,603",4.84,"1,320",3.98,"1,488",4.49,"3,524",10.63,0,0,503,1.52,794,2.4,572,1.73,672,2.03,"1,719",5.19,0,0,"2,840",8.57,"3,745",11.3,"2,673",8.07,"3,075",9.28,"7,123",21.49,0,0,129,0.39,164,0.49,82,0.25,71,0.21,72,0.22,0,0,5,0.02,9,0.03,18,0.05,19,0.06,7,0.02,11,0.03,"7,587",22.89,112,0.34,844,2.55,37,0.11,26,0.08,25,0.08,0,0,205,0.62,0,0,2,0.01,1,0,4,0.01,4,0.01,6,0.02,"3,779",11.4,27,0.08,305,0.92,6,0.02,9,0.03,4,0.01,0,0,113,0.34,5,0.02,13,0.04,12,0.04,62,0.19,14,0.04,27,0.08,"16,910",51.03,178,0.54,"1,653",4.99,36,0.11,46,0.14,39,0.12,0,0,461,1.39,1,0,0,0,0,0,1,0,0,0,0,0,425,1.28,3,0.01,52,0.16,1,0,1,0,2,0.01,0,0,32,0.1,"3,374",10.18,"5,518",16.65,13,0.04,"2,411",7.28,"1,842",5.56,7,0.02,"9,223",27.83,"10,182",30.73,51,0.15,217,0.65,301,0.91,0,0,"33,139"
026 Second Essex District,614,1.84,"1,078",3.23,975,2.92,"1,214",3.64,"2,863",8.58,0,0,470,1.41,739,2.21,667,2,999,2.99,"2,553",7.65,0,0,"2,390",7.16,"3,521",10.55,"2,841",8.51,"3,755",11.25,"8,290",24.84,0,0,109,0.33,145,0.43,51,0.15,49,0.15,45,0.13,0,0,1,0,5,0.01,7,0.02,20,0.06,12,0.04,9,0.03,"5,795",17.37,86,0.26,598,1.79,38,0.11,32,0.1,20,0.06,0,0,121,0.36,0,0,0,0,2,0.01,2,0.01,4,0.01,14,0.04,"4,855",14.55,42,0.13,403,1.21,12,0.04,5,0.01,6,0.02,0,0,83,0.25,2,0.01,12,0.04,2,0.01,58,0.17,14,0.04,32,0.1,"18,327",54.92,184,0.55,"1,623",4.86,35,0.1,49,0.15,39,0.12,0,0,420,1.26,0,0,0,0,0,0,0,0,0,0,0,0,305,0.91,8,0.02,55,0.16,3,0.01,0,0,0,0,0,0,28,0.08,"2,672",8.01,"4,038",12.1,34,0.1,"3,024",9.06,"2,388",7.16,16,0.05,"9,993",29.95,"10,736",32.17,68,0.2,180,0.54,215,0.64,4,0.01,"33,368"
028 Fourth Essex District,651,1.94,"1,162",3.47,886,2.65,"1,247",3.72,"2,931",8.75,0,0,513,1.53,789,2.36,637,1.9,978,2.92,"2,648",7.91,0,0,"2,361",7.05,"3,317",9.9,"2,704",8.07,"3,444",10.28,"8,898",26.57,0,0,96,0.29,97,0.29,52,0.16,47,0.14,33,0.1,0,0,3,0.01,13,0.04,11,0.03,30,0.09,16,0.05,13,0.04,"5,829",17.4,92,0.27,667,1.99,21,0.06,22,0.07,11,0.03,0,0,149,0.44,0,0,5,0.01,2,0.01,13,0.04,10,0.03,11,0.03,"4,872",14.55,64,0.19,493,1.47,9,0.03,6,0.02,4,0.01,0,0,76,0.23,3,0.01,12,0.04,11,0.03,96,0.29,41,0.12,55,0.16,"18,001",53.75,221,0.66,"1,831",5.47,28,0.08,36,0.11,24,0.07,0,0,365,1.09,0,0,1,0,0,0,1,0,0,0,2,0.01,240,0.72,6,0.02,41,0.12,2,0.01,1,0,2,0.01,0,0,29,0.09,"2,650",7.91,"4,209",12.57,18,0.05,"3,061",9.14,"2,493",7.44,11,0.03,"9,891",29.53,"10,798",32.24,35,0.1,162,0.48,161,0.48,2,0.01,"33,491"
029 Fifth Essex District,867,2.91,"1,307",4.39,"1,121",3.76,"1,370",4.6,"3,306",11.1,0,0,305,1.02,497,1.67,383,1.29,541,1.82,"1,260",4.23,0,0,"2,410",8.09,"3,132",10.52,"2,540",8.53,"3,103",10.42,"7,260",24.38,0,0,99,0.33,121,0.41,52,0.17,57,0.19,50,0.17,0,0,9,0.03,21,0.07,15,0.05,10,0.03,7,0.02,6,0.02,"6,613",22.21,140,0.47,890,2.99,37,0.12,31,0.1,43,0.14,0,0,149,0.5,0,0,3,0.01,2,0.01,4,0.01,0,0,3,0.01,"2,613",8.77,37,0.12,251,0.84,10,0.03,6,0.02,6,0.02,0,0,51,0.17,4,0.01,12,0.04,9,0.03,35,0.12,24,0.08,21,0.07,"15,837",53.18,251,0.84,"1,770",5.94,55,0.18,50,0.17,37,0.12,0,0,340,1.14,0,0,1,0,0,0,0,0,2,0.01,0,0,284,0.95,8,0.03,61,0.2,3,0.01,1,0,0,0,0,0,19,0.06,"3,136",10.53,"4,784",16.06,51,0.17,"1,716",5.76,"1,260",4.23,10,0.03,"8,644",29.03,"9,698",32.56,103,0.35,200,0.67,176,0.59,3,0.01,"29,781"
033 Ninth Essex District,947,3.11,"1,437",4.72,"1,220",4.01,"1,562",5.13,"3,618",11.88,0,0,377,1.24,586,1.92,427,1.4,585,1.92,"1,309",4.3,0,0,"2,353",7.73,"3,262",10.71,"2,374",7.8,"2,943",9.66,"7,042",23.12,0,0,113,0.37,118,0.39,61,0.2,60,0.2,59,0.19,0,0,29,0.1,59,0.19,48,0.16,76,0.25,29,0.1,24,0.08,"6,774",22.24,247,0.81,"1,071",3.52,137,0.45,85,0.28,86,0.28,0,0,119,0.39,2,0.01,3,0.01,0,0,22,0.07,10,0.03,5,0.02,"2,701",8.87,51,0.17,368,1.21,29,0.1,21,0.07,12,0.04,0,0,60,0.2,21,0.07,29,0.1,29,0.1,201,0.66,53,0.17,82,0.27,"14,514",47.66,339,1.11,"2,050",6.73,128,0.42,91,0.3,68,0.22,0,0,369,1.21,0,0,1,0,2,0.01,1,0,1,0,0,0,310,1.02,14,0.05,55,0.18,2,0.01,6,0.02,1,0,0,0,18,0.06,"3,676",12.07,"5,092",16.72,16,0.05,"1,840",6.04,"1,442",4.74,2,0.01,"8,512",27.95,"9,419",30.93,43,0.14,194,0.64,216,0.71,1,0,"30,453"
037 Thirteenth Essex District,60,1.84,86,2.63,87,2.67,139,4.26,235,7.2,0,0,65,1.99,84,2.57,79,2.42,79,2.42,203,6.22,0,0,280,8.58,327,10.02,291,8.92,363,11.12,851,26.07,0,0,7,0.21,13,0.4,8,0.25,3,0.09,4,0.12,0,0,2,0.06,2,0.06,2,0.06,15,0.46,1,0.03,4,0.12,423,12.96,12,0.37,119,3.65,6,0.18,9,0.28,3,0.09,0,0,9,0.28,0,0,2,0.06,1,0.03,1,0.03,0,0,0,0,389,11.92,8,0.25,84,2.57,3,0.09,6,0.18,3,0.09,0,0,13,0.4,0,0,0,0,2,0.06,24,0.74,4,0.12,9,0.28,"1,624",49.75,37,1.13,346,10.6,3,0.09,12,0.37,5,0.15,1,0.03,45,1.38,0,0,0,0,0,0,0,0,0,0,0,0,22,0.67,2,0.06,10,0.31,1,0.03,0,0,0,0,0,0,0,0,236,7.23,371,11.37,0,0,267,8.18,243,7.44,0,0,974,29.84,"1,136",34.8,2,0.06,14,0.43,21,0.64,0,0,"3,264"
038 Fourteenth Essex District,70,3.84,110,6.03,67,3.68,61,3.35,145,7.95,0,0,27,1.48,50,2.74,32,1.76,52,2.85,112,6.14,0,0,173,9.49,223,12.23,138,7.57,162,8.89,382,20.95,0,0,4,0.22,6,0.33,4,0.22,2,0.11,3,0.16,0,0,4,0.22,0,0,2,0.11,7,0.38,6,0.33,6,0.33,249,13.66,17,0.93,99,5.43,20,1.1,12,0.66,11,0.6,0,0,20,1.1,0,0,0,0,0,0,0,0,1,0.05,2,0.11,200,10.97,3,0.16,57,3.13,1,0.05,1,0.05,0,0,0,0,8,0.44,1,0.05,3,0.16,3,0.16,39,2.14,4,0.22,10,0.55,695,38.12,21,1.15,221,12.12,17,0.93,12,0.66,4,0.22,0,0,48,2.63,0,0,0,0,0,0,0,0,0,0,0,0,8,0.44,1,0.05,8,0.44,1,0.05,0,0,0,0,0,0,1,0.05,190,10.42,257,14.1,6,0.33,154,8.45,119,6.53,0,0,511,28.03,556,30.5,11,0.6,9,0.49,9,0.49,1,0.05,"1,823"
042 Eighteenth Essex District,788,2.49,"1,224",3.87,"1,043",3.3,"1,301",4.11,"2,653",8.39,0,0,480,1.52,752,2.38,667,2.11,"1,002",3.17,"2,218",7.01,0,0,"2,525",7.98,"3,531",11.17,"2,790",8.82,"3,318",10.49,"7,074",22.37,0,0,69,0.22,84,0.27,42,0.13,32,0.1,31,0.1,0,0,7,0.02,23,0.07,25,0.08,281,0.89,49,0.15,98,0.31,"4,883",15.44,190,0.6,"1,039",3.29,93,0.29,82,0.26,60,0.19,0,0,179,0.57,1,0,1,0,4,0.01,80,0.25,16,0.05,46,0.15,"4,104",12.98,61,0.19,657,2.08,22,0.07,26,0.08,7,0.02,0,0,94,0.3,12,0.04,35,0.11,18,0.06,838,2.65,127,0.4,278,0.88,"14,035",44.38,384,1.21,"2,788",8.82,106,0.34,93,0.29,61,0.19,0,0,463,1.46,0,0,0,0,0,0,3,0.01,0,0,0,0,178,0.56,5,0.02,56,0.18,2,0.01,1,0,0,0,0,0,13,0.04,"2,786",8.81,"4,201",13.28,22,0.07,"2,889",9.14,"2,223",7.03,7,0.02,"9,460",29.91,"9,710",30.7,68,0.22,140,0.44,117,0.37,1,0,"31,624"
045 First Hampden District,976,3.37,"1,006",3.48,"1,055",3.65,"1,233",4.26,"2,096",7.25,0,0,627,2.17,709,2.45,608,2.1,874,3.02,"1,342",4.64,0,0,"3,449",11.93,"3,500",12.1,"2,654",9.18,"3,608",12.48,"4,698",16.24,0,0,169,0.58,160,0.55,62,0.21,59,0.2,36,0.12,0,0,5,0.02,8,0.03,15,0.05,20,0.07,5,0.02,7,0.02,"5,386",18.62,93,0.32,570,1.97,73,0.25,38,0.13,22,0.08,0,0,124,0.43,0,0,3,0.01,0,0,9,0.03,3,0.01,9,0.03,"3,672",12.7,39,0.13,307,1.06,14,0.05,14,0.05,9,0.03,0,0,81,0.28,6,0.02,27,0.09,13,0.04,74,0.26,17,0.06,17,0.06,"15,463",53.47,222,0.77,"1,454",5.03,88,0.3,68,0.24,41,0.14,0,0,419,1.45,0,0,2,0.01,0,0,0,0,0,0,0,0,389,1.35,5,0.02,55,0.19,0,0,0,0,1,0,0,0,34,0.12,"2,735",9.46,"3,621",12.52,10,0.03,"2,399",8.3,"1,754",6.06,7,0.02,"8,629",29.84,"9,239",31.95,41,0.14,240,0.83,243,0.84,3,0.01,"28,921"
047 Third Hampden District,"1,201",4.18,"1,077",3.75,"1,002",3.49,"1,167",4.06,"2,325",8.09,0,0,816,2.84,780,2.71,678,2.36,899,3.13,"1,902",6.62,0,0,"3,165",11.01,"2,928",10.19,"2,256",7.85,"2,870",9.99,"5,193",18.07,0,0,143,0.5,143,0.5,83,0.29,58,0.2,55,0.19,0,0,11,0.04,35,0.12,29,0.1,44,0.15,9,0.03,18,0.06,"5,423",18.87,131,0.46,736,2.56,122,0.42,46,0.16,61,0.21,0,0,107,0.37,0,0,2,0.01,4,0.01,15,0.05,2,0.01,4,0.01,"4,350",15.14,57,0.2,494,1.72,23,0.08,20,0.07,9,0.03,0,0,95,0.33,5,0.02,25,0.09,25,0.09,74,0.26,16,0.06,31,0.11,"13,955",48.55,239,0.83,"1,471",5.12,93,0.32,96,0.33,64,0.22,0,0,318,1.11,0,0,2,0.01,0,0,3,0.01,0,0,0,0,374,1.3,14,0.05,61,0.21,2,0.01,1,0,2,0.01,0,0,23,0.08,"2,730",9.5,"4,025",14,17,0.06,"2,830",9.85,"2,230",7.76,15,0.05,"7,733",26.91,"8,650",30.1,29,0.1,232,0.81,249,0.87,1,0,"28,741"
048 Fourth Hampden District,942,3.68,"1,155",4.52,867,3.39,998,3.9,"2,232",8.73,0,0,603,2.36,845,3.3,576,2.25,731,2.86,"1,943",7.6,0,0,"2,727",10.66,"3,165",12.38,"1,813",7.09,"2,054",8.03,"4,423",17.3,0,0,140,0.55,176,0.69,65,0.25,62,0.24,53,0.21,0,0,11,0.04,22,0.09,24,0.09,28,0.11,11,0.04,14,0.05,"4,519",17.67,198,0.77,665,2.6,281,1.1,157,0.61,145,0.57,0,0,119,0.47,0,0,1,0,3,0.01,11,0.04,1,0,3,0.01,"3,909",15.29,77,0.3,457,1.79,61,0.24,42,0.16,25,0.1,0,0,108,0.42,15,0.06,18,0.07,19,0.07,48,0.19,12,0.05,17,0.07,"11,100",43.41,322,1.26,"1,571",6.14,314,1.23,215,0.84,160,0.63,0,0,371,1.45,0,0,0,0,4,0.02,0,0,0,0,0,0,354,1.38,6,0.02,73,0.29,14,0.05,11,0.04,3,0.01,0,0,31,0.12,"2,541",9.94,"3,644",14.25,9,0.04,"2,633",10.3,"2,064",8.07,1,0,"6,803",26.61,"7,366",28.81,13,0.05,229,0.9,266,1.04,1,0,"25,570"
049 Fifth Hampden District,"2,367",9.21,"2,008",7.81,"1,683",6.55,"1,802",7.01,"3,136",12.2,0,0,488,1.9,383,1.49,277,1.08,260,1.01,568,2.21,0,0,"3,813",14.83,"2,576",10.02,"1,625",6.32,"1,587",6.17,"2,786",10.84,0,0,123,0.48,98,0.38,57,0.22,40,0.16,27,0.11,0,0,42,0.16,72,0.28,92,0.36,27,0.11,10,0.04,10,0.04,"3,178",12.36,367,1.43,"1,518",5.91,"3,919",15.25,387,1.51,"1,064",4.14,0,0,310,1.21,1,0,3,0.01,6,0.02,1,0,2,0.01,2,0.01,786,3.06,58,0.23,339,1.32,510,1.98,50,0.19,138,0.54,0,0,80,0.31,40,0.16,69,0.27,66,0.26,23,0.09,17,0.07,14,0.05,"4,166",16.21,430,1.67,"1,870",7.28,"3,603",14.02,380,1.48,"1,117",4.35,0,0,592,2.3,0,0,1,0,3,0.01,0,0,1,0,0,0,108,0.42,24,0.09,72,0.28,75,0.29,10,0.04,23,0.09,0,0,28,0.11,"4,630",18.01,"6,365",24.76,1,0,"1,058",4.12,917,3.57,1,0,"5,870",22.84,"6,515",25.35,2,0.01,168,0.65,177,0.69,0,0,"25,704"
052 Eighth Hampden District,649,8.22,542,6.87,404,5.12,415,5.26,751,9.51,0,0,224,2.84,168,2.13,96,1.22,109,1.38,233,2.95,0,0,"1,240",15.71,848,10.74,547,6.93,552,6.99,989,12.53,0,0,47,0.6,36,0.46,23,0.29,10,0.13,12,0.15,0,0,22,0.28,30,0.38,30,0.38,4,0.05,4,0.05,5,0.06,"1,499",18.99,115,1.46,367,4.65,301,3.81,142,1.8,189,2.39,0,0,53,0.67,1,0.01,0,0,0,0,3,0.04,0,0,1,0.01,562,7.12,18,0.23,134,1.7,42,0.53,24,0.3,18,0.23,0,0,27,0.34,12,0.15,16,0.2,12,0.15,13,0.16,6,0.08,5,0.06,"2,682",33.97,136,1.72,618,7.83,262,3.32,137,1.74,153,1.94,0,0,124,1.57,0,0,1,0.01,1,0.01,0,0,0,0,0,0,84,1.06,3,0.04,21,0.27,1,0.01,4,0.05,3,0.04,0,0,10,0.13,"1,155",14.63,"1,606",20.34,0,0,472,5.98,358,4.53,0,0,"1,999",25.32,"2,177",27.57,0,0,63,0.8,65,0.82,0,0,"7,895"
057 First Hampshire District,93,1.79,175,3.37,148,2.85,236,4.54,449,8.64,0,0,64,1.23,110,2.12,114,2.19,153,2.94,290,5.58,0,0,386,7.43,533,10.25,455,8.75,721,13.87,"1,209",23.26,0,0,20,0.38,21,0.4,9,0.17,9,0.17,3,0.06,0,0,2,0.04,0,0,2,0.04,4,0.08,1,0.02,3,0.06,976,18.78,16,0.31,74,1.42,4,0.08,5,0.1,2,0.04,0,0,12,0.23,0,0,0,0,0,0,0,0,0,0,0,0,680,13.08,5,0.1,40,0.77,0,0,1,0.02,0,0,0,0,5,0.1,1,0.02,2,0.04,0,0,8,0.15,0,0,2,0.04,"3,014",57.98,21,0.4,181,3.48,5,0.1,7,0.13,7,0.13,0,0,56,1.08,0,0,0,0,0,0,0,0,0,0,0,0,52,1,0,0,8,0.15,1,0.02,0,0,0,0,0,0,1,0.02,416,8,685,13.18,0,0,422,8.12,309,5.94,0,0,"1,611",30.99,"1,693",32.57,0,0,28,0.54,34,0.65,0,0,"5,198"
058 Second Hampshire District,406,3.42,702,5.91,677,5.7,786,6.62,"1,596",13.44,0,0,119,1,160,1.35,116,0.98,144,1.21,304,2.56,0,0,915,7.7,"1,249",10.51,993,8.36,"1,124",9.46,"2,389",20.11,0,0,53,0.45,53,0.45,28,0.24,34,0.29,31,0.26,0,0,6,0.05,15,0.13,12,0.1,34,0.29,18,0.15,12,0.1,"3,306",27.83,84,0.71,476,4.01,45,0.38,36,0.3,24,0.2,0,0,99,0.83,1,0.01,0,0,0,0,5,0.04,1,0.01,3,0.03,725,6.1,8,0.07,75,0.63,5,0.04,3,0.03,4,0.03,0,0,13,0.11,2,0.02,8,0.07,5,0.04,48,0.4,10,0.08,11,0.09,"5,660",47.65,120,1.01,579,4.87,37,0.31,36,0.3,21,0.18,0,0,133,1.12,0,0,0,0,0,0,2,0.02,0,0,0,0,155,1.3,5,0.04,22,0.19,1,0.01,2,0.02,3,0.03,0,0,9,0.08,"1,563",13.16,"2,604",21.92,0,0,519,4.37,324,2.73,0,0,"3,214",27.06,"3,456",29.09,0,0,98,0.82,101,0.85,0,0,"11,879"
060 First Middlesex District,591,1.95,980,3.23,879,2.9,"1,022",3.37,"2,232",7.37,0,0,457,1.51,752,2.48,650,2.15,915,3.02,"2,074",6.85,0,0,"2,493",8.23,"3,585",11.83,"2,837",9.36,"3,274",10.81,"7,162",23.64,0,0,93,0.31,127,0.42,61,0.2,60,0.2,51,0.17,0,0,5,0.02,16,0.05,22,0.07,46,0.15,18,0.06,28,0.09,"4,586",15.14,104,0.34,642,2.12,44,0.15,42,0.14,25,0.08,0,0,126,0.42,0,0,4,0.01,1,0,6,0.02,5,0.02,9,0.03,"4,208",13.89,41,0.14,434,1.43,7,0.02,13,0.04,5,0.02,0,0,115,0.38,8,0.03,18,0.06,25,0.08,111,0.37,44,0.15,62,0.2,"16,359",54,268,0.88,"1,865",6.16,59,0.19,64,0.21,34,0.11,0,0,434,1.43,0,0,0,0,2,0.01,0,0,2,0.01,0,0,309,1.02,8,0.03,55,0.18,0,0,1,0,0,0,0,0,15,0.05,"2,290",7.56,"3,404",11.24,10,0.03,"2,787",9.2,"2,059",6.8,2,0.01,"9,485",31.31,"9,844",32.49,22,0.07,181,0.6,211,0.7,0,0,"30,295"
064 Fifth Middlesex District,350,2.1,739,4.44,591,3.55,843,5.06,"2,367",14.22,0,0,151,0.91,275,1.65,232,1.39,369,2.22,"1,082",6.5,0,0,925,5.56,"1,600",9.61,"1,328",7.98,"1,555",9.34,"4,084",24.53,0,0,33,0.2,45,0.27,30,0.18,23,0.14,27,0.16,0,0,5,0.03,13,0.08,13,0.08,50,0.3,20,0.12,49,0.29,"3,789",22.76,85,0.51,691,4.15,34,0.2,27,0.16,15,0.09,0,0,99,0.59,1,0.01,2,0.01,1,0.01,10,0.06,7,0.04,13,0.08,"1,823",10.95,22,0.13,189,1.14,2,0.01,3,0.02,7,0.04,0,0,29,0.17,4,0.02,16,0.1,7,0.04,175,1.05,35,0.21,96,0.58,"7,565",45.44,170,1.02,"1,156",6.94,33,0.2,32,0.19,34,0.2,0,0,169,1.02,0,0,0,0,1,0.01,0,0,1,0.01,0,0,119,0.71,0,0,25,0.15,1,0.01,0,0,0,0,0,0,11,0.07,"1,918",11.52,"2,972",17.85,0,0,"1,194",7.17,915,5.5,0,0,"4,666",28.03,"4,825",28.98,1,0.01,90,0.54,68,0.41,0,0,"16,649"
072 Thirteenth Middlesex District,203,2.7,372,4.95,274,3.65,400,5.32,989,13.16,0,0,75,1,118,1.57,85,1.13,140,1.86,354,4.71,0,0,523,6.96,796,10.59,628,8.36,739,9.84,"1,777",23.65,0,0,12,0.16,9,0.12,6,0.08,6,0.08,7,0.09,0,0,3,0.04,5,0.07,6,0.08,70,0.93,16,0.21,44,0.59,"1,546",20.58,63,0.84,398,5.3,15,0.2,26,0.35,15,0.2,0,0,31,0.41,0,0,0,0,0,0,9,0.12,3,0.04,9,0.12,597,7.95,12,0.16,126,1.68,1,0.01,1,0.01,1,0.01,0,0,13,0.17,2,0.03,9,0.12,3,0.04,274,3.65,40,0.53,123,1.64,"3,048",40.57,84,1.12,731,9.73,20,0.27,20,0.27,15,0.2,0,0,94,1.25,0,0,0,0,0,0,1,0.01,0,0,0,0,26,0.35,2,0.03,9,0.12,0,0,0,0,0,0,0,0,2,0.03,906,12.06,"1,329",17.69,3,0.04,445,5.92,326,4.34,1,0.01,"2,168",28.86,"2,276",30.29,19,0.25,21,0.28,19,0.25,0,0,"7,513"
078 Nineteenth Middlesex District,372,2.64,543,3.85,524,3.72,613,4.35,"1,313",9.31,0,0,170,1.21,281,1.99,205,1.45,272,1.93,715,5.07,0,0,"1,106",7.84,"1,677",11.89,"1,318",9.35,"1,510",10.71,"3,408",24.17,0,0,16,0.11,25,0.18,10,0.07,11,0.08,11,0.08,0,0,7,0.05,14,0.1,13,0.09,61,0.43,19,0.13,14,0.1,"2,727",19.34,65,0.46,334,2.37,18,0.13,28,0.2,15,0.11,0,0,50,0.35,0,0,2,0.01,0,0,15,0.11,5,0.04,7,0.05,"1,383",9.81,26,0.18,155,1.1,6,0.04,7,0.05,4,0.03,0,0,33,0.23,5,0.04,11,0.08,14,0.1,139,0.99,33,0.23,55,0.39,"7,424",52.65,137,0.97,962,6.82,21,0.15,46,0.33,22,0.16,0,0,150,1.06,0,0,0,0,0,0,0,0,0,0,0,0,57,0.4,0,0,16,0.11,0,0,0,0,0,0,0,0,0,0,"1,444",10.24,"1,905",13.51,16,0.11,977,6.93,664,4.71,2,0.01,"4,310",30.57,"4,674",33.15,35,0.25,34,0.24,38,0.27,1,0.01,"14,100"
079 Twentieth Middlesex District,663,2.04,"1,070",3.29,"1,015",3.12,"1,263",3.88,"3,375",10.37,0,0,465,1.43,767,2.36,654,2.01,978,3.01,"2,499",7.68,0,0,"2,166",6.66,"3,269",10.05,"2,593",7.97,"3,323",10.21,"8,099",24.89,0,0,79,0.24,90,0.28,66,0.2,54,0.17,54,0.17,0,0,4,0.01,11,0.03,10,0.03,100,0.31,26,0.08,36,0.11,"6,148",18.89,123,0.38,726,2.23,37,0.11,33,0.1,21,0.06,0,0,111,0.34,1,0,0,0,1,0,27,0.08,17,0.05,12,0.04,"4,655",14.3,58,0.18,472,1.45,5,0.02,18,0.06,8,0.02,0,0,89,0.27,7,0.02,15,0.05,9,0.03,232,0.71,74,0.23,111,0.34,"16,451",50.55,255,0.78,"1,845",5.67,36,0.11,62,0.19,31,0.1,0,0,322,0.99,0,0,0,0,0,0,3,0.01,1,0,1,0,272,0.84,7,0.02,38,0.12,0,0,3,0.01,2,0.01,0,0,16,0.05,"2,980",9.16,"4,391",13.49,15,0.05,"3,099",9.52,"2,255",6.93,9,0.03,"9,395",28.87,"10,021",30.79,34,0.1,162,0.5,181,0.56,0,0,"32,542"
080 Twenty-First Middlesex District,67,2.51,102,3.83,75,2.81,88,3.3,226,8.48,0,0,39,1.46,68,2.55,59,2.21,82,3.08,142,5.33,0,0,206,7.73,305,11.44,260,9.75,327,12.27,597,22.39,0,0,8,0.3,6,0.23,4,0.15,3,0.11,2,0.08,0,0,1,0.04,1,0.04,2,0.08,9,0.34,0,0,3,0.11,444,16.65,15,0.56,69,2.59,3,0.11,4,0.15,2,0.08,0,0,5,0.19,0,0,0,0,0,0,6,0.23,0,0,4,0.15,333,12.49,3,0.11,33,1.24,1,0.04,1,0.04,3,0.11,0,0,6,0.23,2,0.08,2,0.08,1,0.04,21,0.79,5,0.19,5,0.19,"1,419",53.23,33,1.24,163,6.11,6,0.23,5,0.19,5,0.19,0,0,28,1.05,0,0,0,0,0,0,0,0,0,0,0,0,20,0.75,0,0,3,0.11,0,0,0,0,0,0,0,0,0,0,220,8.25,333,12.49,5,0.19,225,8.44,163,6.11,2,0.08,839,31.47,850,31.88,6,0.23,11,0.41,12,0.45,0,0,"2,666"
081 Twenty-Second Middlesex District,891,3.15,"1,315",4.64,"1,075",3.79,"1,229",4.34,"2,643",9.33,0,0,364,1.28,636,2.25,466,1.65,556,1.96,"1,328",4.69,0,0,"2,550",9,"3,505",12.37,"2,532",8.94,"2,674",9.44,"6,191",21.85,0,0,104,0.37,128,0.45,59,0.21,42,0.15,40,0.14,0,0,32,0.11,35,0.12,36,0.13,181,0.64,33,0.12,41,0.14,"5,366",18.94,187,0.66,958,3.38,51,0.18,74,0.26,35,0.12,0,0,124,0.44,1,0,1,0,1,0,27,0.1,10,0.04,14,0.05,"2,736",9.66,70,0.25,395,1.39,13,0.05,11,0.04,11,0.04,0,0,60,0.21,3,0.01,26,0.09,22,0.08,360,1.27,68,0.24,87,0.31,"13,532",47.77,391,1.38,"2,307",8.14,68,0.24,103,0.36,53,0.19,0,0,432,1.52,0,0,1,0,1,0,6,0.02,1,0,0,0,264,0.93,8,0.03,55,0.19,3,0.01,3,0.01,1,0,0,0,30,0.11,"3,029",10.69,"4,122",14.55,2,0.01,"1,949",6.88,"1,399",4.94,2,0.01,"8,564",30.23,"8,886",31.37,2,0.01,202,0.71,170,0.6,1,0,"28,328"
099 Third Norfolk District,289,2.81,449,4.37,393,3.83,532,5.18,"1,409",13.72,0,0,112,1.09,149,1.45,127,1.24,166,1.62,499,4.86,0,0,697,6.79,"1,041",10.13,777,7.56,933,9.08,"2,564",24.96,0,0,40,0.39,48,0.47,14,0.14,16,0.16,17,0.17,0,0,18,0.18,14,0.14,17,0.17,39,0.38,16,0.16,10,0.1,"2,440",23.75,69,0.67,336,3.27,23,0.22,32,0.31,22,0.21,0,0,36,0.35,0,0,1,0.01,1,0.01,15,0.15,4,0.04,1,0.01,890,8.66,18,0.18,99,0.96,2,0.02,5,0.05,1,0.01,0,0,16,0.16,20,0.19,9,0.09,7,0.07,76,0.74,28,0.27,24,0.23,"5,035",49.02,95,0.92,558,5.43,23,0.22,24,0.23,13,0.13,0,0,100,0.97,1,0.01,1,0.01,0,0,0,0,0,0,0,0,108,1.05,3,0.03,14,0.14,0,0,2,0.02,0,0,0,0,6,0.06,"1,309",12.74,"1,763",17.16,0,0,601,5.85,452,4.4,0,0,"2,805",27.31,"3,206",31.21,1,0.01,64,0.62,71,0.69,0,0,"10,272"
100 Fourth Norfolk District,964,3.34,"1,428",4.94,"1,243",4.3,"1,410",4.88,"3,427",11.86,0,0,355,1.23,491,1.7,390,1.35,522,1.81,"1,354",4.69,0,0,"2,326",8.05,"3,083",10.67,"2,167",7.5,"2,631",9.11,"6,654",23.04,0,0,100,0.35,145,0.5,54,0.19,74,0.26,68,0.24,0,0,94,0.33,87,0.3,122,0.42,77,0.27,31,0.11,32,0.11,"6,232",21.57,244,0.84,"1,151",3.98,84,0.29,81,0.28,52,0.18,0,0,185,0.64,3,0.01,4,0.01,3,0.01,20,0.07,12,0.04,6,0.02,"2,571",8.9,31,0.11,352,1.22,13,0.05,13,0.05,8,0.03,0,0,76,0.26,39,0.14,45,0.16,50,0.17,186,0.64,76,0.26,89,0.31,"13,533",46.85,330,1.14,"1,903",6.59,80,0.28,80,0.28,62,0.21,0,0,388,1.34,2,0.01,1,0,0,0,2,0.01,1,0,2,0.01,321,1.11,10,0.03,76,0.26,0,0,1,0,1,0,0,0,24,0.08,"3,468",12.01,"5,002",17.32,2,0.01,"1,724",5.97,"1,387",4.8,1,0,"7,945",27.5,"8,915",30.86,1,0,194,0.67,247,0.86,0,0,"28,886"
105 Ninth Norfolk District,569,1.91,951,3.19,806,2.7,"1,077",3.61,"2,403",8.05,0,0,480,1.61,738,2.47,566,1.9,834,2.79,"2,319",7.77,0,0,"2,200",7.37,"3,227",10.81,"2,369",7.94,"3,228",10.82,"7,709",25.83,0,0,90,0.3,117,0.39,59,0.2,49,0.16,49,0.16,0,0,15,0.05,21,0.07,21,0.07,52,0.17,15,0.05,24,0.08,"4,698",15.74,112,0.38,657,2.2,32,0.11,28,0.09,18,0.06,0,0,113,0.38,0,0,1,0,2,0.01,9,0.03,2,0.01,7,0.02,"4,292",14.38,53,0.18,441,1.48,9,0.03,7,0.02,6,0.02,0,0,108,0.36,9,0.03,18,0.06,15,0.05,116,0.39,35,0.12,64,0.21,"15,855",53.13,235,0.79,"1,911",6.4,34,0.11,45,0.15,32,0.11,0,0,364,1.22,0,0,0,0,0,0,0,0,0,0,1,0,306,1.03,6,0.02,38,0.13,0,0,0,0,0,0,0,0,13,0.04,"2,307",7.73,"3,499",11.73,0,0,"2,803",9.39,"2,131",7.14,3,0.01,"9,068",30.39,"9,653",32.35,12,0.04,177,0.59,187,0.63,0,0,"29,840"
106 Tenth Norfolk District,338,2.38,514,3.62,465,3.27,550,3.87,"1,159",8.16,0,0,232,1.63,345,2.43,228,1.6,411,2.89,929,6.54,0,0,"1,103",7.76,"1,546",10.88,"1,218",8.57,"1,576",11.09,"3,399",23.92,0,0,61,0.43,60,0.42,26,0.18,23,0.16,27,0.19,0,0,7,0.05,12,0.08,6,0.04,28,0.2,9,0.06,12,0.08,"2,437",17.15,59,0.42,355,2.5,12,0.08,18,0.13,10,0.07,0,0,61,0.43,0,0,1,0.01,0,0,8,0.06,4,0.03,1,0.01,"1,841",12.96,26,0.18,196,1.38,10,0.07,5,0.04,3,0.02,0,0,50,0.35,3,0.02,6,0.04,9,0.06,90,0.63,25,0.18,34,0.24,"7,461",52.51,115,0.81,870,6.12,15,0.11,30,0.21,15,0.11,0,0,169,1.19,0,0,1,0.01,0,0,1,0.01,1,0.01,0,0,158,1.11,4,0.03,22,0.15,0,0,0,0,1,0.01,0,0,9,0.06,"1,180",8.3,"1,839",12.94,7,0.05,"1,230",8.66,911,6.41,4,0.03,"4,282",30.13,"4,542",31.96,18,0.13,86,0.61,109,0.77,2,0.01,"14,210"
109 Thirteenth Norfolk District,294,2.7,575,5.27,441,4.04,616,5.65,"1,669",15.3,0,0,129,1.18,190,1.74,163,1.49,232,2.13,546,5.01,0,0,722,6.62,"1,014",9.3,782,7.17,"1,077",9.88,"2,366",21.69,0,0,30,0.28,29,0.27,15,0.14,9,0.08,7,0.06,0,0,7,0.06,13,0.12,8,0.07,69,0.63,15,0.14,52,0.48,"2,746",25.18,78,0.72,488,4.47,18,0.17,17,0.16,14,0.13,0,0,70,0.64,1,0.01,1,0.01,0,0,14,0.13,5,0.05,17,0.16,980,8.99,22,0.2,182,1.67,3,0.03,5,0.05,2,0.02,0,0,28,0.26,5,0.05,7,0.06,5,0.05,197,1.81,49,0.45,116,1.06,"4,432",40.64,120,1.1,842,7.72,24,0.22,20,0.18,19,0.17,0,0,125,1.15,0,0,0,0,0,0,2,0.02,1,0.01,0,0,61,0.56,4,0.04,11,0.1,1,0.01,0,0,1,0.01,0,0,9,0.08,"1,369",12.55,"2,214",20.3,12,0.11,687,6.3,570,5.23,3,0.03,"2,938",26.94,"2,995",27.46,28,0.26,42,0.39,48,0.44,0,0,"10,906"
110 Fourteenth Norfolk District,250,2.99,478,5.71,313,3.74,409,4.89,"1,154",13.79,0,0,112,1.34,164,1.96,129,1.54,210,2.51,586,7,0,0,531,6.35,840,10.04,496,5.93,685,8.19,"1,980",23.66,0,0,10,0.12,9,0.11,6,0.07,4,0.05,1,0.01,0,0,6,0.07,14,0.17,6,0.07,57,0.68,50,0.6,26,0.31,"1,726",20.63,76,0.91,547,6.54,16,0.19,21,0.25,11,0.13,1,0.01,47,0.56,0,0,0,0,1,0.01,19,0.23,6,0.07,16,0.19,880,10.52,21,0.25,226,2.7,3,0.04,2,0.02,3,0.04,0,0,24,0.29,7,0.08,6,0.07,9,0.11,170,2.03,62,0.74,97,1.16,"3,048",36.43,114,1.36,831,9.93,23,0.27,31,0.37,11,0.13,0,0,123,1.47,0,0,0,0,0,0,0,0,0,0,2,0.02,15,0.18,1,0.01,8,0.1,0,0,0,0,0,0,0,0,4,0.05,900,10.76,"1,703",20.35,1,0.01,680,8.13,521,6.23,0,0,"2,143",25.61,"2,381",28.46,8,0.1,19,0.23,11,0.13,0,0,"8,367"
112 First Plymouth District,765,2.5,"1,084",3.54,"1,007",3.29,"1,191",3.89,"2,747",8.97,0,0,479,1.56,722,2.36,571,1.86,873,2.85,"1,842",6.01,0,0,"2,366",7.73,"3,172",10.36,"2,545",8.31,"3,232",10.55,"7,415",24.21,0,0,141,0.46,193,0.63,104,0.34,79,0.26,99,0.32,0,0,6,0.02,18,0.06,15,0.05,14,0.05,5,0.02,10,0.03,"5,747",18.76,82,0.27,663,2.16,15,0.05,27,0.09,19,0.06,1,0,172,0.56,1,0,7,0.02,5,0.02,4,0.01,0,0,4,0.01,"3,907",12.76,39,0.13,383,1.25,7,0.02,12,0.04,5,0.02,0,0,113,0.37,3,0.01,27,0.09,11,0.04,26,0.08,13,0.04,16,0.05,"16,248",53.05,212,0.69,"1,681",5.49,18,0.06,42,0.14,25,0.08,0,0,408,1.33,1,0,4,0.01,1,0,0,0,1,0,0,0,513,1.67,11,0.04,59,0.19,1,0,0,0,2,0.01,0,0,23,0.08,"2,701",8.82,"4,086",13.34,7,0.02,"2,467",8.05,"2,016",6.58,4,0.01,"8,805",28.75,"9,905",32.34,20,0.07,287,0.94,328,1.07,1,0,"30,627"
113 Second Plymouth District,958,3.3,"1,105",3.81,982,3.38,"1,052",3.63,"2,123",7.32,0,0,471,1.62,684,2.36,411,1.42,619,2.13,"1,484",5.11,0,0,"3,023",10.42,"3,431",11.82,"2,717",9.36,"3,041",10.48,"6,448",22.22,0,0,141,0.49,150,0.52,69,0.24,69,0.24,41,0.14,0,0,11,0.04,37,0.13,28,0.1,11,0.04,3,0.01,5,0.02,"4,873",16.79,208,0.72,803,2.77,33,0.11,57,0.2,23,0.08,0,0,128,0.44,0,0,2,0.01,1,0,5,0.02,2,0.01,1,0,"3,152",10.86,53,0.18,345,1.19,10,0.03,3,0.01,4,0.01,0,0,91,0.31,9,0.03,40,0.14,32,0.11,18,0.06,5,0.02,7,0.02,"15,708",54.13,313,1.08,"1,922",6.62,36,0.12,90,0.31,59,0.2,0,0,421,1.45,0,0,1,0,2,0.01,0,0,0,0,0,0,358,1.23,13,0.04,69,0.24,1,0,2,0.01,0,0,0,0,24,0.08,"2,568",8.85,"3,645",12.56,7,0.02,"2,071",7.14,"1,595",5.5,3,0.01,"8,747",30.14,"9,893",34.09,20,0.07,237,0.82,230,0.79,3,0.01,"29,019"
114 Third Plymouth District,843,2.66,"1,171",3.69,"1,006",3.17,"1,338",4.22,"3,508",11.07,0,0,548,1.73,772,2.44,581,1.83,898,2.83,"2,326",7.34,0,0,"2,297",7.25,"3,003",9.47,"2,357",7.44,"3,077",9.71,"7,629",24.07,0,0,113,0.36,113,0.36,39,0.12,43,0.14,37,0.12,0,0,1,0,14,0.04,11,0.03,32,0.1,21,0.07,21,0.07,"6,804",21.46,85,0.27,663,2.09,14,0.04,24,0.08,17,0.05,0,0,159,0.5,0,0,1,0,0,0,9,0.03,5,0.02,7,0.02,"4,594",14.49,29,0.09,353,1.11,4,0.01,7,0.02,4,0.01,0,0,112,0.35,5,0.02,5,0.02,8,0.03,67,0.21,31,0.1,42,0.13,"16,161",50.98,176,0.56,"1,415",4.46,26,0.08,23,0.07,21,0.07,0,0,383,1.21,0,0,3,0.01,0,0,0,0,1,0,0,0,279,0.88,3,0.01,40,0.13,0,0,0,0,1,0,0,0,18,0.06,"3,066",9.67,"4,766",15.04,34,0.11,"2,783",8.78,"2,337",7.37,5,0.02,"8,626",27.21,"9,694",30.58,43,0.14,165,0.52,177,0.56,3,0.01,"31,699"
115 Fourth Plymouth District,720,2.28,"1,077",3.41,944,2.99,"1,300",4.11,"3,442",10.88,0,0,431,1.36,671,2.12,537,1.7,905,2.86,"2,185",6.91,0,0,"2,272",7.18,"3,048",9.64,"2,394",7.57,"3,322",10.51,"8,019",25.36,0,0,98,0.31,108,0.34,49,0.15,61,0.19,39,0.12,0,0,2,0.01,7,0.02,7,0.02,10,0.03,5,0.02,14,0.04,"6,623",20.94,94,0.3,566,1.79,11,0.03,21,0.07,17,0.05,0,0,106,0.34,0,0,2,0.01,0,0,6,0.02,0,0,3,0.01,"4,283",13.54,32,0.1,302,0.96,8,0.03,5,0.02,2,0.01,0,0,86,0.27,3,0.01,9,0.03,9,0.03,23,0.07,10,0.03,12,0.04,"17,199",54.39,134,0.42,"1,234",3.9,19,0.06,38,0.12,14,0.04,0,0,351,1.11,0,0,0,0,0,0,0,0,1,0,0,0,317,1,2,0.01,21,0.07,0,0,0,0,0,0,0,0,14,0.04,"2,993",9.46,"4,475",14.15,15,0.05,"2,645",8.36,"2,071",6.55,13,0.04,"8,997",28.45,"10,013",31.66,45,0.14,169,0.53,182,0.58,4,0.01,"31,622"
116 Fifth Plymouth District,676,2.23,"1,033",3.41,978,3.23,"1,194",3.95,"2,842",9.39,0,0,410,1.36,653,2.16,525,1.74,741,2.45,"2,028",6.7,0,0,"2,237",7.39,"3,157",10.43,"2,463",8.14,"3,234",10.69,"7,690",25.42,0,0,110,0.36,110,0.36,70,0.23,61,0.2,42,0.14,0,0,17,0.06,24,0.08,25,0.08,30,0.1,18,0.06,14,0.05,"5,683",18.78,105,0.35,626,2.07,24,0.08,35,0.12,31,0.1,0,0,91,0.3,2,0.01,1,0,1,0,10,0.03,5,0.02,4,0.01,"3,887",12.85,49,0.16,305,1.01,5,0.02,7,0.02,0,0,0,0,81,0.27,11,0.04,15,0.05,15,0.05,73,0.24,37,0.12,31,0.1,"16,452",54.38,218,0.72,"1,494",4.94,43,0.14,43,0.14,22,0.07,0,0,327,1.08,0,0,2,0.01,1,0,2,0.01,0,0,0,0,328,1.08,6,0.02,37,0.12,1,0,2,0.01,1,0,0,0,13,0.04,"2,723",9,"3,998",13.21,2,0.01,"2,428",8.03,"1,928",6.37,1,0,"8,891",29.39,"9,889",32.69,1,0,178,0.59,215,0.71,0,0,"30,254"
117 Sixth Plymouth District,516,2.24,710,3.09,623,2.71,870,3.78,"1,958",8.52,0,0,370,1.61,539,2.34,448,1.95,727,3.16,"1,797",7.82,0,0,"1,838",8,"2,547",11.08,"1,922",8.36,"2,473",10.76,"5,452",23.72,0,0,60,0.26,59,0.26,33,0.14,25,0.11,20,0.09,0,0,2,0.01,9,0.04,7,0.03,8,0.03,9,0.04,6,0.03,"4,113",17.89,45,0.2,357,1.55,10,0.04,12,0.05,9,0.04,0,0,90,0.39,1,0,1,0,0,0,14,0.06,2,0.01,2,0.01,"3,517",15.3,24,0.1,247,1.07,8,0.03,3,0.01,5,0.02,0,0,57,0.25,3,0.01,5,0.02,4,0.02,34,0.15,23,0.1,29,0.13,"12,674",55.14,108,0.47,"1,059",4.61,16,0.07,11,0.05,15,0.07,0,0,251,1.09,0,0,0,0,0,0,0,0,0,0,1,0,144,0.63,4,0.02,26,0.11,0,0,0,0,0,0,0,0,22,0.1,"1,851",8.05,"2,826",12.29,0,0,"2,133",9.28,"1,746",7.6,2,0.01,"6,769",29.45,"7,460",32.45,3,0.01,100,0.44,97,0.42,0,0,"22,987"
118 Seventh Plymouth District,944,3.16,"1,205",4.04,"1,010",3.38,"1,228",4.11,"2,446",8.19,0,0,443,1.48,660,2.21,507,1.7,662,2.22,"1,379",4.62,0,0,"3,058",10.25,"3,588",12.02,"2,709",9.08,"3,328",11.15,"6,269",21,0,0,121,0.41,139,0.47,59,0.2,55,0.18,38,0.13,0,0,40,0.13,42,0.14,66,0.22,22,0.07,18,0.06,9,0.03,"5,504",18.44,156,0.52,743,2.49,45,0.15,64,0.21,31,0.1,0,0,93,0.31,1,0,3,0.01,1,0,15,0.05,3,0.01,4,0.01,"3,156",10.57,38,0.13,326,1.09,12,0.04,14,0.05,6,0.02,0,0,72,0.24,20,0.07,25,0.08,22,0.07,67,0.22,25,0.08,27,0.09,"16,310",54.64,246,0.82,"1,703",5.71,45,0.15,73,0.24,34,0.11,0,0,355,1.19,0,0,0,0,1,0,1,0,0,0,0,0,333,1.12,11,0.04,41,0.14,1,0,2,0.01,1,0,0,0,21,0.07,"2,882",9.66,"3,941",13.2,10,0.03,"2,078",6.96,"1,568",5.25,5,0.02,"8,973",30.06,"9,961",33.37,18,0.06,190,0.64,222,0.74,0,0,"29,848"
119 Eighth Plymouth District,"1,038",3.69,"1,214",4.32,"1,044",3.71,"1,223",4.35,"1,830",6.51,0,0,543,1.93,730,2.6,565,2.01,707,2.52,"1,189",4.23,0,0,"3,090",10.99,"3,448",12.27,"2,833",10.08,"3,101",11.03,"5,062",18.01,0,0,141,0.5,177,0.63,72,0.26,56,0.2,46,0.16,0,0,43,0.15,71,0.25,84,0.3,34,0.12,11,0.04,17,0.06,"4,729",16.82,199,0.71,898,3.19,38,0.14,73,0.26,37,0.13,0,0,115,0.41,4,0.01,4,0.01,6,0.02,7,0.02,6,0.02,2,0.01,"3,112",11.07,70,0.25,414,1.47,14,0.05,20,0.07,10,0.04,0,0,65,0.23,27,0.1,47,0.17,38,0.14,77,0.27,40,0.14,50,0.18,"14,271",50.77,347,1.23,"2,079",7.4,45,0.16,96,0.34,63,0.22,0,0,354,1.26,0,0,3,0.01,2,0.01,1,0,1,0,0,0,367,1.31,18,0.06,78,0.28,2,0.01,1,0,1,0,0,0,18,0.06,"2,616",9.31,"3,684",13.11,49,0.17,"2,078",7.39,"1,637",5.82,19,0.07,"8,248",29.34,"9,177",32.65,109,0.39,210,0.75,277,0.99,5,0.02,"28,109"
123 Twelfth Plymouth District,488,2.48,736,3.75,581,2.96,778,3.96,"1,739",8.85,0,0,290,1.48,470,2.39,371,1.89,547,2.78,"1,360",6.92,0,0,"1,636",8.33,"2,034",10.35,"1,613",8.21,"1,960",9.98,"4,708",23.97,0,0,89,0.45,98,0.5,52,0.26,51,0.26,44,0.22,0,0,8,0.04,15,0.08,18,0.09,14,0.07,8,0.04,9,0.05,"3,648",18.57,76,0.39,385,1.96,14,0.07,28,0.14,12,0.06,0,0,87,0.44,0,0,2,0.01,2,0.01,1,0.01,2,0.01,3,0.02,"2,657",13.53,31,0.16,258,1.31,9,0.05,7,0.04,4,0.02,0,0,62,0.32,4,0.02,16,0.08,9,0.05,46,0.23,9,0.05,17,0.09,"10,422",53.05,119,0.61,"1,017",5.18,22,0.11,26,0.13,16,0.08,0,0,228,1.16,0,0,0,0,0,0,0,0,0,0,0,0,260,1.32,5,0.03,45,0.23,1,0.01,0,0,0,0,0,0,23,0.12,"1,678",8.54,"2,637",13.42,7,0.04,"1,632",8.31,"1,404",7.15,2,0.01,"5,596",28.49,"6,338",32.26,17,0.09,145,0.74,189,0.96,0,0,"19,645"
143 First Worcester District,556,1.78,976,3.13,851,2.73,"1,056",3.38,"2,757",8.83,0,0,461,1.48,650,2.08,531,1.7,861,2.76,"2,422",7.76,0,0,"2,135",6.84,"3,190",10.22,"2,520",8.07,"3,240",10.38,"8,577",27.48,0,0,102,0.33,134,0.43,53,0.17,68,0.22,68,0.22,0,0,11,0.04,22,0.07,32,0.1,38,0.12,28,0.09,14,0.04,"5,147",16.49,127,0.41,574,1.84,49,0.16,43,0.14,32,0.1,0,0,79,0.25,1,0,5,0.02,2,0.01,23,0.07,8,0.03,3,0.01,"4,246",13.61,46,0.15,458,1.47,15,0.05,19,0.06,12,0.04,0,0,87,0.28,9,0.03,18,0.06,16,0.05,98,0.31,25,0.08,21,0.07,"17,025",54.55,241,0.77,"1,661",5.32,58,0.19,79,0.25,41,0.13,1,0,369,1.18,0,0,1,0,0,0,2,0.01,0,0,0,0,331,1.06,2,0.01,56,0.18,1,0,5,0.02,2,0.01,0,0,25,0.08,"2,476",7.93,"3,698",11.85,22,0.07,"2,785",8.92,"2,131",6.83,9,0.03,"9,550",30.6,"10,078",32.29,34,0.11,204,0.65,218,0.7,3,0.01,"31,208"
147 Fifth Worcester District,736,2.6,911,3.21,809,2.85,949,3.35,"2,176",7.67,0,0,485,1.71,678,2.39,515,1.82,665,2.34,"1,564",5.51,0,0,"2,946",10.39,"3,331",11.75,"2,385",8.41,"3,083",10.87,"6,682",23.56,0,0,127,0.45,147,0.52,64,0.23,44,0.16,63,0.22,0,0,2,0.01,11,0.04,7,0.02,4,0.01,7,0.02,10,0.04,"4,837",17.06,72,0.25,442,1.56,45,0.16,32,0.11,28,0.1,0,0,84,0.3,0,0,1,0,3,0.01,3,0.01,2,0.01,2,0.01,"3,454",12.18,35,0.12,283,1,16,0.06,4,0.01,9,0.03,0,0,95,0.33,7,0.02,12,0.04,8,0.03,19,0.07,10,0.04,5,0.02,"16,270",57.37,163,0.57,"1,379",4.86,92,0.32,64,0.23,31,0.11,0,0,367,1.29,0,0,0,0,0,0,0,0,2,0.01,0,0,363,1.28,9,0.03,40,0.14,2,0.01,2,0.01,0,0,0,0,27,0.1,"2,317",8.17,"3,253",11.47,11,0.04,"2,246",7.92,"1,656",5.84,5,0.02,"9,002",31.74,"9,382",33.08,43,0.15,233,0.82,208,0.73,4,0.01,"28,360"
148 Sixth Worcester District,"1,420",5.2,"1,255",4.59,"1,071",3.92,"1,139",4.17,"1,994",7.3,0,0,569,2.08,711,2.6,464,1.7,567,2.08,"1,218",4.46,0,0,"3,552",13,"3,383",12.38,"2,335",8.55,"2,538",9.29,"4,684",17.14,0,0,129,0.47,141,0.52,59,0.22,47,0.17,46,0.17,0,0,19,0.07,12,0.04,23,0.08,9,0.03,7,0.03,6,0.02,"4,121",15.08,183,0.67,858,3.14,883,3.23,214,0.78,346,1.27,0,0,198,0.72,0,0,0,0,3,0.01,6,0.02,0,0,2,0.01,"2,763",10.11,52,0.19,379,1.39,119,0.44,33,0.12,52,0.19,0,0,120,0.44,13,0.05,27,0.1,21,0.08,39,0.14,13,0.05,12,0.04,"12,123",44.37,295,1.08,"1,856",6.79,857,3.14,319,1.17,412,1.51,0,0,505,1.85,0,0,0,0,0,0,2,0.01,0,0,0,0,297,1.09,12,0.04,70,0.26,13,0.05,5,0.02,6,0.02,0,0,17,0.06,"2,925",10.71,"3,919",14.34,35,0.13,"2,026",7.42,"1,497",5.48,6,0.02,"7,952",29.1,"8,498",31.1,42,0.15,200,0.73,221,0.81,1,0,"27,322"
149 Seventh Worcester District,800,2.87,"1,085",3.89,971,3.48,"1,186",4.26,"2,590",9.29,0,0,421,1.51,603,2.16,451,1.62,542,1.94,"1,423",5.11,0,0,"2,572",9.23,"3,207",11.51,"2,475",8.88,"2,825",10.14,"6,303",22.61,0,0,118,0.42,134,0.48,68,0.24,49,0.18,50,0.18,0,0,8,0.03,28,0.1,28,0.1,51,0.18,20,0.07,13,0.05,"5,537",19.87,115,0.41,565,2.03,76,0.27,56,0.2,38,0.14,0,0,97,0.35,0,0,1,0,2,0.01,13,0.05,4,0.01,8,0.03,"2,959",10.62,38,0.14,319,1.14,18,0.06,11,0.04,5,0.02,0,0,62,0.22,14,0.05,16,0.06,20,0.07,112,0.4,41,0.15,29,0.1,"14,828",53.2,199,0.71,"1,540",5.53,79,0.28,83,0.3,48,0.17,0,0,373,1.34,1,0,0,0,1,0,1,0,1,0,0,0,324,1.16,10,0.04,57,0.2,5,0.02,0,0,1,0,0,0,18,0.06,"2,750",9.87,"3,866",13.87,16,0.06,"1,952",7,"1,483",5.32,5,0.02,"8,286",29.73,"9,078",32.57,18,0.06,186,0.67,233,0.84,0,0,"27,873"
150 Eighth Worcester District,836,2.84,"1,104",3.75,957,3.25,"1,130",3.84,"2,350",7.98,0,0,511,1.74,745,2.53,480,1.63,710,2.41,"1,551",5.27,0,0,"2,963",10.06,"3,638",12.35,"2,697",9.16,"3,013",10.23,"6,219",21.12,0,0,151,0.51,167,0.57,86,0.29,64,0.22,75,0.25,0,0,7,0.02,16,0.05,15,0.05,30,0.1,15,0.05,20,0.07,"5,356",18.19,119,0.4,569,1.93,38,0.13,37,0.13,35,0.12,0,0,120,0.41,0,0,4,0.01,1,0,9,0.03,5,0.02,5,0.02,"3,465",11.77,32,0.11,329,1.12,16,0.05,9,0.03,11,0.04,1,0,110,0.37,2,0.01,16,0.05,5,0.02,71,0.24,23,0.08,34,0.12,"15,886",53.95,227,0.77,"1,578",5.36,53,0.18,72,0.24,51,0.17,0,0,512,1.74,0,0,0,0,0,0,0,0,2,0.01,0,0,437,1.48,10,0.03,53,0.18,1,0,4,0.01,3,0.01,0,0,33,0.11,"2,615",8.88,"3,746",12.72,16,0.05,"2,308",7.84,"1,679",5.7,10,0.03,"8,907",30.25,"9,570",32.5,53,0.18,277,0.94,263,0.89,3,0.01,"29,447"
151 Ninth Worcester District,755,2.6,"1,040",3.59,983,3.39,"1,055",3.64,"2,004",6.91,0,0,464,1.6,764,2.64,546,1.88,837,2.89,"1,888",6.51,0,0,"2,583",8.91,"3,439",11.86,"2,687",9.27,"3,135",10.81,"6,350",21.9,0,0,135,0.47,147,0.51,66,0.23,62,0.21,51,0.18,0,0,10,0.03,25,0.09,21,0.07,104,0.36,23,0.08,36,0.12,"4,433",15.29,137,0.47,765,2.64,51,0.18,52,0.18,29,0.1,0,0,151,0.52,1,0,6,0.02,0,0,16,0.06,2,0.01,13,0.04,"3,857",13.3,53,0.18,413,1.42,18,0.06,17,0.06,7,0.02,0,0,96,0.33,9,0.03,14,0.05,15,0.05,265,0.91,50,0.17,60,0.21,"14,879",51.32,303,1.05,"1,878",6.48,95,0.33,94,0.32,53,0.18,0,0,479,1.65,0,0,1,0,0,0,1,0,1,0,0,0,347,1.2,8,0.03,71,0.24,2,0.01,4,0.01,1,0,0,0,25,0.09,"2,319",8,"3,484",12.02,34,0.12,"2,480",8.55,"2,014",6.95,5,0.02,"8,733",30.12,"9,399",32.42,62,0.21,231,0.8,228,0.79,2,0.01,"28,991"
152 Tenth Worcester District,831,3.13,"1,202",4.53,"1,039",3.92,"1,186",4.47,"2,349",8.85,0,0,393,1.48,552,2.08,400,1.51,554,2.09,"1,309",4.93,0,0,"2,395",9.03,"3,138",11.83,"2,281",8.6,"2,739",10.32,"5,779",21.78,0,0,121,0.46,121,0.46,46,0.17,41,0.15,54,0.2,0,0,13,0.05,25,0.09,21,0.08,65,0.25,18,0.07,19,0.07,"4,534",17.09,311,1.17,974,3.67,161,0.61,201,0.76,140,0.53,1,0,124,0.47,0,0,0,0,3,0.01,11,0.04,5,0.02,6,0.02,"2,574",9.7,70,0.26,378,1.42,26,0.1,32,0.12,20,0.08,0,0,83,0.31,8,0.03,23,0.09,21,0.08,98,0.37,34,0.13,43,0.16,"12,581",47.42,443,1.67,"2,125",8.01,189,0.71,222,0.84,160,0.6,0,0,385,1.45,0,0,1,0,0,0,2,0.01,2,0.01,0,0,260,0.98,16,0.06,54,0.2,9,0.03,9,0.03,5,0.02,0,0,25,0.09,"2,677",10.09,"3,895",14.68,35,0.13,"1,855",6.99,"1,347",5.08,6,0.02,"7,895",29.76,"8,360",31.51,77,0.29,183,0.69,200,0.75,0,0,"26,530"
153 Eleventh Worcester District,918,3.08,"1,397",4.69,992,3.33,"1,140",3.83,"3,047",10.23,0,0,433,1.45,646,2.17,497,1.67,688,2.31,"2,051",6.89,0,0,"2,443",8.21,"3,417",11.48,"2,338",7.85,"2,630",8.83,"6,784",22.79,0,0,75,0.25,108,0.36,61,0.2,53,0.18,53,0.18,0,0,28,0.09,41,0.14,35,0.12,516,1.73,76,0.26,145,0.49,"4,407",14.8,290,0.97,"1,548",5.2,83,0.28,78,0.26,49,0.16,1,0,197,0.66,2,0.01,3,0.01,2,0.01,94,0.32,13,0.04,38,0.13,"3,020",10.14,105,0.35,882,2.96,27,0.09,28,0.09,15,0.05,0,0,86,0.29,17,0.06,35,0.12,28,0.09,"1,286",4.32,148,0.5,317,1.06,"10,751",36.11,619,2.08,"3,549",11.92,109,0.37,145,0.49,74,0.25,1,0,533,1.79,0,0,0,0,0,0,3,0.01,1,0,2,0.01,209,0.7,14,0.05,103,0.35,2,0.01,2,0.01,0,0,0,0,14,0.05,"3,107",10.44,"4,378",14.71,9,0.03,"2,430",8.16,"1,884",6.33,1,0,"8,551",28.72,"9,030",30.33,31,0.1,180,0.6,170,0.57,0,0,"29,771"
159 Seventeenth Worcester District,"2,198",9.1,"2,065",8.55,"1,348",5.58,"1,229",5.09,"2,412",9.98,0,0,477,1.97,385,1.59,258,1.07,302,1.25,641,2.65,0,0,"3,456",14.31,"2,609",10.8,"1,703",7.05,"1,579",6.54,"3,109",12.87,0,0,123,0.51,125,0.52,49,0.2,51,0.21,40,0.17,0,0,260,1.08,230,0.95,248,1.03,209,0.87,79,0.33,62,0.26,"2,976",12.32,689,2.85,"2,141",8.86,"1,157",4.79,371,1.54,541,2.24,0,0,289,1.2,17,0.07,7,0.03,15,0.06,128,0.53,19,0.08,30,0.12,"1,030",4.26,83,0.34,468,1.94,106,0.44,34,0.14,48,0.2,0,0,78,0.32,162,0.67,105,0.43,114,0.47,452,1.87,105,0.43,103,0.43,"5,938",24.58,695,2.88,"2,793",11.56,760,3.15,337,1.39,424,1.76,0,0,468,1.94,4,0.02,2,0.01,3,0.01,15,0.06,1,0,0,0,133,0.55,35,0.14,127,0.53,22,0.09,16,0.07,9,0.04,0,0,21,0.09,"3,811",15.77,"5,174",21.42,267,1.11,"1,161",4.81,856,3.54,46,0.19,"5,881",24.34,"6,222",25.75,353,1.46,204,0.84,171,0.71,13,0.05,"24,159"
160 Eighteenth Worcester District,887,3.14,"1,044",3.69,877,3.1,"1,026",3.63,"1,941",6.87,0,0,509,1.8,740,2.62,537,1.9,710,2.51,"1,552",5.49,0,0,"2,865",10.14,"3,509",12.42,"2,592",9.17,"2,880",10.19,"6,143",21.74,0,0,138,0.49,148,0.52,63,0.22,45,0.16,54,0.19,0,0,19,0.07,25,0.09,35,0.12,17,0.06,5,0.02,5,0.02,"4,521",16,143,0.51,583,2.06,151,0.53,87,0.31,71,0.25,0,0,113,0.4,1,0,3,0.01,2,0.01,10,0.04,0,0,4,0.01,"3,487",12.34,52,0.18,331,1.17,17,0.06,14,0.05,15,0.05,0,0,112,0.4,21,0.07,22,0.08,24,0.08,41,0.15,20,0.07,21,0.07,"15,267",54.02,235,0.83,"1,544",5.46,158,0.56,119,0.42,106,0.38,0,0,411,1.45,1,0,0,0,0,0,1,0,0,0,0,0,347,1.23,9,0.03,62,0.22,1,0,2,0.01,1,0,0,0,24,0.08,"2,330",8.24,"3,420",12.1,25,0.09,"2,338",8.27,"1,708",6.04,2,0.01,"8,627",30.53,"9,318",32.97,44,0.16,204,0.72,243,0.86,1,0,"28,260"
Total People,"44,060",3.16,"57,864",4.16,"48,713",3.5,"57,698",4.14,"127,138",9.13,0,0,"22,466",1.61,"31,544",2.27,"24,388",1.75,"33,797",2.43,"81,525",5.85,0,0,"126,642",9.09,"153,628",11.03,"115,823",8.32,"139,120",9.99,"309,291",22.21,0,0,"5,369",0.39,"5,984",0.43,"2,813",0.2,"2,452",0.18,"2,274",0.16,0,0,"1,133",0.08,"1,626",0.12,"1,861",0.13,"3,058",0.22,964,0.07,"1,207",0.09,"251,634",18.07,"8,784",0.63,"41,029",2.95,"9,119",0.65,"3,998",0.29,"4,195",0.3,4,0,"6,861",0.49,57,0,130,0.01,121,0.01,861,0.06,263,0.02,421,0.03,"163,283",11.73,"2,503",0.18,"19,095",1.37,"1,421",0.1,781,0.06,661,0.05,1,0,"4,122",0.3,748,0.05,"1,232",0.09,"1,095",0.08,"7,586",0.54,"1,856",0.13,"2,778",0.2,"687,959",49.4,"14,562",1.05,"89,339",6.42,"8,739",0.63,"5,049",0.36,"4,570",0.33,3,0,"18,988",1.36,18,0,47,0,41,0,70,0.01,32,0,14,0,"14,012",1.01,447,0.03,"2,694",0.19,201,0.01,139,0.01,98,0.01,0,0,"1,079",0.08,"135,511",9.73,"198,920",14.28,"1,042",0.07,"108,942",7.82,"84,476",6.07,302,0.02,"403,324",28.96,"439,189",31.54,"1,991",0.14,"9,060",0.65,"9,759",0.7,73,0.01,"1,392,589"