index,District,Estimate; SEX AND AGE - Total population,Percent; SEX AND AGE - Total population,Estimate; SEX AND AGE - Male,Percent; SEX AND AGE - Male,Estimate; SEX AND AGE - Female,Percent; SEX AND AGE - Female,Estimate; SEX AND AGE - Under 5 years,Percent; SEX AND AGE - Under 5 years,Estimate; SEX AND AGE - 5 to 9 years,Percent; SEX AND AGE - 5 to 9 years,Estimate; SEX AND AGE - 10 to 14 years,Percent; SEX AND AGE - 10 to 14 years,Estimate; SEX AND AGE - 15 to 19 years,Percent; SEX AND AGE - 15 to 19 years,Estimate; SEX AND AGE - 20 to 24 years,Percent; SEX AND AGE - 20 to 24 years,Estimate; SEX AND AGE - 25 to 34 years,Percent; SEX AND AGE - 25 to 34 years,Estimate; SEX AND AGE - 35 to 44 years,Percent; SEX AND AGE - 35 to 44 years,Estimate; SEX AND AGE - 45 to 54 years,Percent; SEX AND AGE - 45 to 54 years,Estimate; SEX AND AGE - 55 to 59 years,Percent; SEX AND AGE - 55 to 59 years,Estimate; SEX AND AGE - 60 to 64 years,Percent; SEX AND AGE - 60 to 64 years,Estimate; SEX AND AGE - 65 to 74 years,Percent; SEX AND AGE - 65 to 74 years,Estimate; SEX AND AGE - 75 to 84 years,Percent; SEX AND AGE - 75 to 84 years,Estimate; SEX AND AGE - 85 years and over,Percent; SEX AND AGE - 85 years and over,Estimate; SEX AND AGE - Median age (years),Estimate; SEX AND AGE - 18 years and over,Percent; SEX AND AGE - 18 years and over,Estimate; SEX AND AGE - 21 years and over,Percent; SEX AND AGE - 21 years and over,Estimate; SEX AND AGE - 62 years and over,Percent; SEX AND AGE - 62 years and over,Estimate; SEX AND AGE - 65 years and over,Percent; SEX AND AGE - 65 years and over,Estimate; SEX AND AGE - 18 years and over.1,Percent; SEX AND AGE - 18 years and over.1,Estimate; SEX AND AGE - Male.1,Percent; SEX AND AGE - Male.1,Estimate; SEX AND AGE - Female.1,Percent; SEX AND AGE - Female.1,Estimate; SEX AND AGE - 65 years and over.1,Percent; SEX AND AGE - 65 years and over.1,Estimate; SEX AND AGE - Male.2,Percent; SEX AND AGE - Male.2,Estimate; SEX AND AGE - Female.2,Percent; SEX AND AGE - Female.2,Estimate; RACE - Total population,Percent; RACE - Total population,Estimate; RACE - One race,Percent; RACE - One race,Estimate; RACE - Two or more races,Percent; RACE - Two or more races,Estimate; RACE - One race.1,Percent; RACE - One race.1,Estimate; RACE - One race - White,Percent; RACE - One race - White,Estimate; RACE - One race - Black or African American,Percent; RACE - One race - Black or African American,Estimate; RACE - One race - American Indian and Alaska Native,Percent; RACE - One race - American Indian and Alaska Native,Estimate; RACE - One race - Asian,Percent; RACE - One race - Asian,Estimate; RACE - One race - Asian - Asian Indian,Percent; RACE - One race - Asian - Asian Indian,Estimate; RACE - One race - Asian - Chinese,Percent; RACE - One race - Asian - Chinese,Estimate; RACE - One race - Asian - Filipino,Percent; RACE - One race - Asian - Filipino,Estimate; RACE - One race - Asian - Japanese,Percent; RACE - One race - Asian - Japanese,Estimate; RACE - One race - Asian - Korean,Percent; RACE - One race - Asian - Korean,Estimate; RACE - One race - Asian - Vietnamese,Percent; RACE - One race - Asian - Vietnamese,Estimate; RACE - One race - Asian - Other Asian,Percent; RACE - One race - Asian - Other Asian,Estimate; RACE - One race - Some other race,Percent; RACE - One race - Some other race,Estimate; RACE - Two or more races.1,Percent; RACE - Two or more races.1,Estimate; RACE - Two or more races - White and Black or African American,Percent; RACE - Two or more races - White and Black or African American
0,0,149480.0,149480.0,71681.0,48.0,77799.0,52.0,6876.0,4.6,8073.0,5.4,8629.0,5.8,10613.0,7.1,9009.0,6.0,14483.0,9.7,19220.0,12.9,24514.0,16.4,11705.0,7.8,9835.0,6.6,12727.0,8.5,9750.0,6.5,4046.0,2.7,44.1,119451.0,79.9,113029.0,75.6,32268.0,21.6,26523.0,17.7,119451.0,119451.0,56721.0,47.5,62730.0,52.5,26523.0,26523.0,11206.0,42.3,15317.0,57.7,149480.0,149480.0,146648.0,98.1,2832.0,1.9,146648.0,98.1,139996.0,93.7,3655.0,2.4,275.0,0.2,1626.0,1.1,328.0,0.2,221.0,0.1,260.0,0.2,67.0,0.0,180.0,0.1,151.0,0.1,419.0,0.3,1047.0,0.7,2832.0,1.9,954.0,0.6
1,1,160646.0,160646.0,79252.0,49.3,81394.0,50.7,9057.0,5.6,11956.0,7.4,13200.0,8.2,11746.0,7.3,8612.0,5.4,14059.0,8.8,25698.0,16.0,28564.0,17.8,10432.0,6.5,8164.0,5.1,9814.0,6.1,6877.0,4.3,2467.0,1.5,40.0,118463.0,73.7,112740.0,70.2,23581.0,14.7,19158.0,11.9,118463.0,118463.0,57263.0,48.3,61200.0,51.7,19158.0,19158.0,7836.0,40.9,11322.0,59.1,160646.0,160646.0,158219.0,98.5,2427.0,1.5,158219.0,98.5,147046.0,91.5,4032.0,2.5,59.0,0.0,5574.0,3.5,1518.0,0.9,1544.0,1.0,167.0,0.1,91.0,0.1,238.0,0.1,464.0,0.3,1552.0,1.0,1292.0,0.8,2427.0,1.5,481.0,0.3
2,2,160370.0,160370.0,76434.0,47.7,83936.0,52.3,6792.0,4.2,6928.0,4.3,7931.0,4.9,8479.0,5.3,6728.0,4.2,13898.0,8.7,19569.0,12.2,23726.0,14.8,13449.0,8.4,12935.0,8.1,19336.0,12.1,15319.0,9.6,5280.0,3.3,49.3,133482.0,83.2,129083.0,80.5,47611.0,29.7,39935.0,24.9,133482.0,133482.0,62943.0,47.2,70539.0,52.8,39935.0,39935.0,16878.0,42.3,23057.0,57.7,160370.0,160370.0,157241.0,98.0,3129.0,2.0,157241.0,98.0,148256.0,92.4,4262.0,2.7,1134.0,0.7,1280.0,0.8,280.0,0.2,491.0,0.3,101.0,0.1,43.0,0.0,17.0,0.0,158.0,0.1,190.0,0.1,2309.0,1.4,3129.0,2.0,1020.0,0.6
3,3,163232.0,163232.0,78414.0,48.0,84818.0,52.0,8455.0,5.2,9473.0,5.8,9933.0,6.1,10791.0,6.6,10575.0,6.5,19936.0,12.2,23931.0,14.7,23637.0,14.5,11158.0,6.8,10188.0,6.2,11393.0,7.0,9298.0,5.7,4464.0,2.7,40.6,128261.0,78.6,122364.0,75.0,30603.0,18.7,25155.0,15.4,128261.0,128261.0,60400.0,47.1,67861.0,52.9,25155.0,25155.0,9698.0,38.6,15457.0,61.4,163232.0,163232.0,160006.0,98.0,3226.0,2.0,160006.0,98.0,150507.0,92.2,3377.0,2.1,176.0,0.1,2890.0,1.8,257.0,0.2,633.0,0.4,261.0,0.2,18.0,0.0,235.0,0.1,96.0,0.1,1390.0,0.9,3056.0,1.9,3226.0,2.0,1209.0,0.7
4,4,167874.0,167874.0,80309.0,47.8,87565.0,52.2,10172.0,6.1,11155.0,6.6,12117.0,7.2,10362.0,6.2,8780.0,5.2,19594.0,11.7,26024.0,15.5,28003.0,16.7,10840.0,6.5,9005.0,5.4,10162.0,6.1,7773.0,4.6,3887.0,2.3,39.9,127366.0,75.9,122182.0,72.8,26877.0,16.0,21822.0,13.0,127366.0,127366.0,59579.0,46.8,67787.0,53.2,21822.0,21822.0,8591.0,39.4,13231.0,60.6,167874.0,167874.0,164954.0,98.3,2920.0,1.7,164954.0,98.3,144907.0,86.3,3678.0,2.2,270.0,0.2,4324.0,2.6,299.0,0.2,1068.0,0.6,186.0,0.1,65.0,0.0,393.0,0.2,1131.0,0.7,1182.0,0.7,11740.0,7.0,2920.0,1.7,690.0,0.4
5,5,168829.0,168829.0,83113.0,49.2,85716.0,50.8,9077.0,5.4,10697.0,6.3,13154.0,7.8,11916.0,7.1,8379.0,5.0,14051.0,8.3,24661.0,14.6,30875.0,18.3,12279.0,7.3,10215.0,6.1,12667.0,7.5,7898.0,4.7,2960.0,1.8,42.5,128476.0,76.1,122013.0,72.3,28854.0,17.1,23525.0,13.9,128476.0,128476.0,62267.0,48.5,66209.0,51.5,23525.0,23525.0,10246.0,43.6,13279.0,56.4,168829.0,168829.0,167336.0,99.1,1493.0,0.9,167336.0,99.1,160939.0,95.3,1068.0,0.6,209.0,0.1,3618.0,2.1,1022.0,0.6,869.0,0.5,301.0,0.2,32.0,0.0,919.0,0.5,164.0,0.1,311.0,0.2,1404.0,0.8,1493.0,0.9,246.0,0.1
6,6,158192.0,158192.0,75589.0,47.8,82603.0,52.2,8586.0,5.4,10091.0,6.4,11500.0,7.3,11957.0,7.6,9591.0,6.1,17071.0,10.8,21021.0,13.3,25314.0,16.0,11222.0,7.1,7558.0,4.8,11692.0,7.4,8673.0,5.5,3916.0,2.5,40.3,120561.0,76.2,113619.0,71.8,28690.0,18.1,24281.0,15.3,120561.0,120561.0,56367.0,46.8,64194.0,53.2,24281.0,24281.0,9782.0,40.3,14499.0,59.7,158192.0,158192.0,154510.0,97.7,3682.0,2.3,154510.0,97.7,128352.0,81.1,13682.0,8.6,66.0,0.0,2962.0,1.9,188.0,0.1,620.0,0.4,198.0,0.1,49.0,0.0,295.0,0.2,775.0,0.5,837.0,0.5,9448.0,6.0,3682.0,2.3,1041.0,0.7
7,7,162398.0,162398.0,79831.0,49.2,82567.0,50.8,11323.0,7.0,11340.0,7.0,11640.0,7.2,12628.0,7.8,11838.0,7.3,21133.0,13.0,24074.0,14.8,24941.0,15.4,9873.0,6.1,7666.0,4.7,8317.0,5.1,5575.0,3.4,2050.0,1.3,35.6,120425.0,74.2,112931.0,69.5,20311.0,12.5,15942.0,9.8,120425.0,120425.0,57965.0,48.1,62460.0,51.9,15942.0,15942.0,6432.0,40.3,9510.0,59.7,162398.0,162398.0,158828.0,97.8,3570.0,2.2,158828.0,97.8,116200.0,71.6,7048.0,4.3,165.0,0.1,24086.0,14.8,2792.0,1.7,1537.0,0.9,574.0,0.4,48.0,0.0,239.0,0.1,2359.0,1.5,16537.0,10.2,11218.0,6.9,3570.0,2.2,861.0,0.5
8,8,156026.0,156026.0,72506.0,46.5,83520.0,53.5,8560.0,5.5,9934.0,6.4,9019.0,5.8,12673.0,8.1,14085.0,9.0,19349.0,12.4,20718.0,13.3,21352.0,13.7,10257.0,6.6,8970.0,5.7,10347.0,6.6,7158.0,4.6,3604.0,2.3,37.4,122987.0,78.8,113560.0,72.8,26109.0,16.7,21109.0,13.5,122987.0,122987.0,56036.0,45.6,66951.0,54.4,21109.0,21109.0,9029.0,42.8,12080.0,57.2,156026.0,156026.0,153161.0,98.2,2865.0,1.8,153161.0,98.2,127491.0,81.7,3525.0,2.3,90.0,0.1,18860.0,12.1,2824.0,1.8,10527.0,6.7,283.0,0.2,1336.0,0.9,2399.0,1.5,648.0,0.4,843.0,0.5,3051.0,2.0,2865.0,1.8,555.0,0.4
9,9,169133.0,169133.0,83303.0,49.3,85830.0,50.7,9240.0,5.5,10723.0,6.3,11819.0,7.0,12975.0,7.7,10071.0,6.0,19204.0,11.4,26107.0,15.4,26082.0,15.4,10889.0,6.4,9651.0,5.7,11787.0,7.0,7633.0,4.5,2952.0,1.7,39.3,130009.0,76.9,121860.0,72.0,27548.0,16.3,22372.0,13.2,130009.0,130009.0,63276.0,48.7,66733.0,51.3,22372.0,22372.0,10015.0,44.8,12357.0,55.2,169133.0,169133.0,166259.0,98.3,2874.0,1.7,166259.0,98.3,154830.0,91.5,5834.0,3.4,417.0,0.2,1967.0,1.2,211.0,0.1,577.0,0.3,110.0,0.1,30.0,0.0,271.0,0.2,270.0,0.2,498.0,0.3,3196.0,1.9,2874.0,1.7,726.0,0.4
10,10,159515.0,159515.0,74625.0,46.8,84890.0,53.2,9431.0,5.9,8861.0,5.6,10073.0,6.3,12027.0,7.5,14352.0,9.0,30004.0,18.8,22751.0,14.3,20838.0,13.1,8341.0,5.2,6978.0,4.4,8663.0,5.4,5030.0,3.2,2166.0,1.4,33.0,123631.0,77.5,116898.0,73.3,19780.0,12.4,15859.0,9.9,123631.0,123631.0,56470.0,45.7,67161.0,54.3,15859.0,15859.0,6072.0,38.3,9787.0,61.7,159515.0,159515.0,156167.0,97.9,3348.0,2.1,156167.0,97.9,57570.0,36.1,69445.0,43.5,463.0,0.3,11956.0,7.5,1059.0,0.7,2043.0,1.3,331.0,0.2,180.0,0.1,258.0,0.2,7617.0,4.8,468.0,0.3,16583.0,10.4,3348.0,2.1,1084.0,0.7
11,11,166813.0,166813.0,84000.0,50.4,82813.0,49.6,9829.0,5.9,7180.0,4.3,6784.0,4.1,8600.0,5.2,16293.0,9.8,38840.0,23.3,23913.0,14.3,20623.0,12.4,7905.0,4.7,7733.0,4.6,9600.0,5.8,6231.0,3.7,3282.0,2.0,33.4,138665.0,83.1,131812.0,79.0,23613.0,14.2,19113.0,11.5,138665.0,138665.0,69495.0,50.1,69170.0,49.9,19113.0,19113.0,8277.0,43.3,10836.0,56.7,166813.0,166813.0,155164.0,93.0,11649.0,7.0,155164.0,93.0,119983.0,71.9,10723.0,6.4,604.0,0.4,13342.0,8.0,3009.0,1.8,4548.0,2.7,307.0,0.2,467.0,0.3,957.0,0.6,1773.0,1.1,2281.0,1.4,10457.0,6.3,11649.0,7.0,8954.0,5.4
12,12,161396.0,161396.0,79229.0,49.1,82167.0,50.9,9048.0,5.6,9308.0,5.8,10533.0,6.5,13474.0,8.3,11768.0,7.3,19642.0,12.2,22496.0,13.9,24899.0,15.4,10231.0,6.3,7723.0,4.8,10296.0,6.4,7700.0,4.8,4278.0,2.7,38.3,125533.0,77.8,116233.0,72.0,26563.0,16.5,22274.0,13.8,125533.0,125533.0,60690.0,48.3,64843.0,51.7,22274.0,22274.0,8801.0,39.5,13473.0,60.5,161396.0,161396.0,158272.0,98.1,3124.0,1.9,158272.0,98.1,134702.0,83.5,12687.0,7.9,267.0,0.2,6668.0,4.1,1108.0,0.7,1969.0,1.2,239.0,0.1,220.0,0.1,431.0,0.3,1639.0,1.0,1062.0,0.7,3855.0,2.4,3124.0,1.9,1371.0,0.8
13,13,158163.0,158163.0,75397.0,47.7,82766.0,52.3,9148.0,5.8,10479.0,6.6,9520.0,6.0,8613.0,5.4,6738.0,4.3,19880.0,12.6,24507.0,15.5,26330.0,16.6,10007.0,6.3,8524.0,5.4,12808.0,8.1,8042.0,5.1,3567.0,2.3,41.1,122759.0,77.6,119092.0,75.3,29176.0,18.4,24417.0,15.4,122759.0,122759.0,57780.0,47.1,64979.0,52.9,24417.0,24417.0,10273.0,42.1,14144.0,57.9,158163.0,158163.0,155414.0,98.3,2749.0,1.7,155414.0,98.3,135700.0,85.8,3485.0,2.2,67.0,0.0,14941.0,9.4,6538.0,4.1,4902.0,3.1,434.0,0.3,523.0,0.3,826.0,0.5,549.0,0.3,1169.0,0.7,1221.0,0.8,2749.0,1.7,677.0,0.4
14,14,155414.0,155414.0,74308.0,47.8,81106.0,52.2,10965.0,7.1,10229.0,6.6,10760.0,6.9,14046.0,9.0,12949.0,8.3,18837.0,12.1,20612.0,13.3,21079.0,13.6,9168.0,5.9,7657.0,4.9,8613.0,5.5,7379.0,4.7,3120.0,2.0,35.0,115923.0,74.6,106500.0,68.5,23499.0,15.1,19112.0,12.3,115923.0,115923.0,53969.0,46.6,61954.0,53.4,19112.0,19112.0,7656.0,40.1,11456.0,59.9,155414.0,155414.0,151510.0,97.5,3904.0,2.5,151510.0,97.5,98815.0,63.6,22963.0,14.8,804.0,0.5,3860.0,2.5,511.0,0.3,495.0,0.3,131.0,0.1,0.0,0.0,171.0,0.1,1845.0,1.2,707.0,0.5,25047.0,16.1,3904.0,2.5,1845.0,1.2
15,15,156868.0,156868.0,73938.0,47.1,82930.0,52.9,6274.0,4.0,7169.0,4.6,7802.0,5.0,17587.0,11.2,22823.0,14.5,15932.0,10.2,17740.0,11.3,21606.0,13.8,11096.0,7.1,8973.0,5.7,10072.0,6.4,6524.0,4.2,3270.0,2.1,35.7,130266.0,83.0,110580.0,70.5,25142.0,16.0,19866.0,12.7,130266.0,130266.0,60371.0,46.3,69895.0,53.7,19866.0,19866.0,8556.0,43.1,11310.0,56.9,156868.0,156868.0,153061.0,97.6,3807.0,2.4,153061.0,97.6,139191.0,88.7,4008.0,2.6,330.0,0.2,6949.0,4.4,1193.0,0.8,2385.0,1.5,325.0,0.2,312.0,0.2,928.0,0.6,545.0,0.3,1261.0,0.8,2548.0,1.6,3807.0,2.4,1320.0,0.8
16,16,159154.0,159154.0,78168.0,49.1,80986.0,50.9,8490.0,5.3,9717.0,6.1,9883.0,6.2,9057.0,5.7,9489.0,6.0,21018.0,13.2,24266.0,15.2,25545.0,16.1,10266.0,6.5,8211.0,5.2,11329.0,7.1,8044.0,5.1,3839.0,2.4,40.3,124977.0,78.5,120168.0,75.5,27863.0,17.5,23212.0,14.6,124977.0,124977.0,60148.0,48.1,64829.0,51.9,23212.0,23212.0,9691.0,41.7,13521.0,58.3,159154.0,159154.0,156449.0,98.3,2705.0,1.7,156449.0,98.3,129878.0,81.6,9547.0,6.0,104.0,0.1,14064.0,8.8,2314.0,1.5,7521.0,4.7,597.0,0.4,126.0,0.1,311.0,0.2,1906.0,1.2,1289.0,0.8,2838.0,1.8,2705.0,1.7,671.0,0.4
17,17,170799.0,170799.0,85532.0,50.1,85267.0,49.9,10412.0,6.1,11864.0,6.9,12334.0,7.2,11130.0,6.5,7165.0,4.2,18617.0,10.9,29435.0,17.2,29922.0,17.5,11053.0,6.5,8716.0,5.1,10113.0,5.9,7087.0,4.1,2951.0,1.7,40.1,127783.0,74.8,123389.0,72.2,25322.0,14.8,20151.0,11.8,127783.0,127783.0,63834.0,50.0,63949.0,50.0,20151.0,20151.0,8866.0,44.0,11285.0,56.0,170799.0,170799.0,166624.0,97.6,4175.0,2.4,166624.0,97.6,146688.0,85.9,3481.0,2.0,300.0,0.2,13404.0,7.8,4943.0,2.9,5157.0,3.0,289.0,0.2,330.0,0.2,1085.0,0.6,935.0,0.5,665.0,0.4,2751.0,1.6,4175.0,2.4,1372.0,0.8
18,18,165030.0,165030.0,81357.0,49.3,83673.0,50.7,10342.0,6.3,7960.0,4.8,7085.0,4.3,10564.0,6.4,16770.0,10.2,35695.0,21.6,23476.0,14.2,20152.0,12.2,8529.0,5.2,6673.0,4.0,8403.0,5.1,6372.0,3.9,3009.0,1.8,32.7,134586.0,81.6,126254.0,76.5,21700.0,13.1,17784.0,10.8,134586.0,134586.0,65844.0,48.9,68742.0,51.1,17784.0,17784.0,7220.0,40.6,10564.0,59.4,165030.0,165030.0,150969.0,91.5,14061.0,8.5,150969.0,91.5,115734.0,70.1,13604.0,8.2,180.0,0.1,11800.0,7.2,2306.0,1.4,4600.0,2.8,418.0,0.3,356.0,0.2,1094.0,0.7,1765.0,1.1,1261.0,0.8,9553.0,5.8,14061.0,8.5,11124.0,6.7
19,18,165030.0,165030.0,81357.0,49.3,83673.0,50.7,10342.0,6.3,7960.0,4.8,7085.0,4.3,10564.0,6.4,16770.0,10.2,35695.0,21.6,23476.0,14.2,20152.0,12.2,8529.0,5.2,6673.0,4.0,8403.0,5.1,6372.0,3.9,3009.0,1.8,32.7,134586.0,81.6,126254.0,76.5,21700.0,13.1,17784.0,10.8,134586.0,134586.0,65844.0,48.9,68742.0,51.1,17784.0,17784.0,7220.0,40.6,10564.0,59.4,165030.0,165030.0,150969.0,91.5,14061.0,8.5,150969.0,91.5,115734.0,70.1,13604.0,8.2,180.0,0.1,11800.0,7.2,2306.0,1.4,4600.0,2.8,418.0,0.3,356.0,0.2,1094.0,0.7,1765.0,1.1,1261.0,0.8,9553.0,5.8,14061.0,8.5,11124.0,6.7
20,19,158048.0,158048.0,74766.0,47.3,83282.0,52.7,8043.0,5.1,8253.0,5.2,8736.0,5.5,8646.0,5.5,9810.0,6.2,25285.0,16.0,23115.0,14.6,24079.0,15.2,10270.0,6.5,8707.0,5.5,11811.0,7.5,7929.0,5.0,3364.0,2.1,39.5,127566.0,80.7,122456.0,77.5,27872.0,17.6,23104.0,14.6,127566.0,127566.0,59832.0,46.9,67734.0,53.1,23104.0,23104.0,9015.0,39.0,14089.0,61.0,158048.0,158048.0,155868.0,98.6,2180.0,1.4,155868.0,98.6,123583.0,78.2,7476.0,4.7,136.0,0.1,23240.0,14.7,3377.0,2.1,14872.0,9.4,940.0,0.6,388.0,0.2,308.0,0.2,2553.0,1.6,802.0,0.5,1263.0,0.8,2180.0,1.4,649.0,0.4
21,20,168033.0,168033.0,82315.0,49.0,85718.0,51.0,10099.0,6.0,12395.0,7.4,12510.0,7.4,13434.0,8.0,8882.0,5.3,13890.0,8.3,26184.0,15.6,29498.0,17.6,11304.0,6.7,8635.0,5.1,11230.0,6.7,6713.0,4.0,3259.0,1.9,40.3,125406.0,74.6,117386.0,69.9,26083.0,15.5,21202.0,12.6,125406.0,125406.0,59977.0,47.8,65429.0,52.2,21202.0,21202.0,9194.0,43.4,12008.0,56.6,168033.0,168033.0,165875.0,98.7,2158.0,1.3,165875.0,98.7,153184.0,91.2,2329.0,1.4,105.0,0.1,8487.0,5.1,2072.0,1.2,3873.0,2.3,205.0,0.1,92.0,0.1,970.0,0.6,466.0,0.3,809.0,0.5,1735.0,1.0,2158.0,1.3,397.0,0.2
22,20,168033.0,168033.0,82315.0,49.0,85718.0,51.0,10099.0,6.0,12395.0,7.4,12510.0,7.4,13434.0,8.0,8882.0,5.3,13890.0,8.3,26184.0,15.6,29498.0,17.6,11304.0,6.7,8635.0,5.1,11230.0,6.7,6713.0,4.0,3259.0,1.9,40.3,125406.0,74.6,117386.0,69.9,26083.0,15.5,21202.0,12.6,125406.0,125406.0,59977.0,47.8,65429.0,52.2,21202.0,21202.0,9194.0,43.4,12008.0,56.6,168033.0,168033.0,165875.0,98.7,2158.0,1.3,165875.0,98.7,153184.0,91.2,2329.0,1.4,105.0,0.1,8487.0,5.1,2072.0,1.2,3873.0,2.3,205.0,0.1,92.0,0.1,970.0,0.6,466.0,0.3,809.0,0.5,1735.0,1.0,2158.0,1.3,397.0,0.2
23,21,154751.0,154751.0,74131.0,47.9,80620.0,52.1,9124.0,5.9,9748.0,6.3,9945.0,6.4,10648.0,6.9,8197.0,5.3,14607.0,9.4,23720.0,15.3,25886.0,16.7,10796.0,7.0,8951.0,5.8,10867.0,7.0,8283.0,5.4,3979.0,2.6,41.5,118960.0,76.9,113158.0,73.1,28353.0,18.3,23129.0,14.9,118960.0,118960.0,55023.0,46.3,63937.0,53.7,23129.0,23129.0,9268.0,40.1,13861.0,59.9,154751.0,154751.0,153127.0,99.0,1624.0,1.0,153127.0,99.0,121575.0,78.6,20783.0,13.4,289.0,0.2,8905.0,5.8,1293.0,0.8,3644.0,2.4,375.0,0.2,200.0,0.1,490.0,0.3,2039.0,1.3,864.0,0.6,1575.0,1.0,1624.0,1.0,573.0,0.4
24,22,171850.0,171850.0,83700.0,48.7,88150.0,51.3,9278.0,5.4,10615.0,6.2,11372.0,6.6,11016.0,6.4,9038.0,5.3,14618.0,8.5,24365.0,14.2,29814.0,17.3,12714.0,7.4,11151.0,6.5,14407.0,8.4,9893.0,5.8,3569.0,2.1,43.3,133519.0,77.7,127796.0,74.4,34236.0,19.9,27869.0,16.2,133519.0,133519.0,64123.0,48.0,69396.0,52.0,27869.0,27869.0,12352.0,44.3,15517.0,55.7,171850.0,171850.0,169459.0,98.6,2391.0,1.4,169459.0,98.6,163550.0,95.2,2499.0,1.5,226.0,0.1,1837.0,1.1,292.0,0.2,478.0,0.3,129.0,0.1,45.0,0.0,264.0,0.2,368.0,0.2,261.0,0.2,1295.0,0.8,2391.0,1.4,628.0,0.4
25,23,161238.0,161238.0,77214.0,47.9,84024.0,52.1,9696.0,6.0,11718.0,7.3,11797.0,7.3,9413.0,5.8,6419.0,4.0,13745.0,8.5,23912.0,14.8,27644.0,17.1,11867.0,7.4,10116.0,6.3,12577.0,7.8,9111.0,5.7,3223.0,2.0,42.8,121423.0,75.3,117360.0,72.8,30653.0,19.0,24911.0,15.4,121423.0,121423.0,56519.0,46.5,64904.0,53.5,24911.0,24911.0,10259.0,41.2,14652.0,58.8,161238.0,161238.0,159850.0,99.1,1388.0,0.9,159850.0,99.1,153542.0,95.2,2487.0,1.5,268.0,0.2,2624.0,1.6,627.0,0.4,973.0,0.6,205.0,0.1,58.0,0.0,137.0,0.1,401.0,0.2,223.0,0.1,929.0,0.6,1388.0,0.9,375.0,0.2
26,24,160704.0,160704.0,76380.0,47.5,84324.0,52.5,9550.0,5.9,9695.0,6.0,10064.0,6.3,12005.0,7.5,10623.0,6.6,19658.0,12.2,21510.0,13.4,23574.0,14.7,9868.0,6.1,8862.0,5.5,11902.0,7.4,8827.0,5.5,4566.0,2.8,39.4,124481.0,77.5,117655.0,73.2,30582.0,19.0,25295.0,15.7,124481.0,124481.0,58432.0,46.9,66049.0,53.1,25295.0,25295.0,10173.0,40.2,15122.0,59.8,160704.0,160704.0,155949.0,97.0,4755.0,3.0,155949.0,97.0,137046.0,85.3,7847.0,4.9,330.0,0.2,1846.0,1.1,194.0,0.1,469.0,0.3,266.0,0.2,50.0,0.0,152.0,0.1,567.0,0.4,148.0,0.1,8844.0,5.5,4755.0,3.0,1440.0,0.9
27,25,162940.0,162940.0,77034.0,47.3,85906.0,52.7,9135.0,5.6,8842.0,5.4,8742.0,5.4,11033.0,6.8,10222.0,6.3,19504.0,12.0,22788.0,14.0,25448.0,15.6,11226.0,6.9,9195.0,5.6,11482.0,7.0,9623.0,5.9,5700.0,3.5,41.4,130028.0,79.8,122968.0,75.5,32051.0,19.7,26805.0,16.5,130028.0,130028.0,59805.0,46.0,70223.0,54.0,26805.0,26805.0,10538.0,39.3,16267.0,60.7,162940.0,162940.0,160867.0,98.7,2073.0,1.3,160867.0,98.7,148229.0,91.0,4564.0,2.8,207.0,0.1,3570.0,2.2,391.0,0.2,803.0,0.5,839.0,0.5,266.0,0.2,351.0,0.2,569.0,0.3,351.0,0.2,4255.0,2.6,2073.0,1.3,597.0,0.4
28,26,165454.0,165454.0,79680.0,48.2,85774.0,51.8,11153.0,6.7,11729.0,7.1,12565.0,7.6,13784.0,8.3,10208.0,6.2,19574.0,11.8,24067.0,14.5,24848.0,15.0,9971.0,6.0,8213.0,5.0,9607.0,5.8,6449.0,3.9,3286.0,2.0,36.7,121055.0,73.2,113955.0,68.9,23825.0,14.4,19342.0,11.7,121055.0,121055.0,57526.0,47.5,63529.0,52.5,19342.0,19342.0,7760.0,40.1,11582.0,59.9,165454.0,165454.0,162023.0,97.9,3431.0,2.1,162023.0,97.9,105468.0,63.7,3682.0,2.2,296.0,0.2,7535.0,4.6,1161.0,0.7,2164.0,1.3,258.0,0.2,262.0,0.2,720.0,0.4,805.0,0.5,2165.0,1.3,44887.0,27.1,3431.0,2.1,1255.0,0.8
29,27,155650.0,155650.0,75036.0,48.2,80614.0,51.8,8185.0,5.3,10036.0,6.4,10439.0,6.7,11401.0,7.3,10701.0,6.9,17920.0,11.5,21465.0,13.8,24725.0,15.9,10141.0,6.5,8558.0,5.5,10185.0,6.5,7927.0,5.1,3967.0,2.5,39.5,120145.0,77.2,112969.0,72.6,26830.0,17.2,22079.0,14.2,120145.0,120145.0,57023.0,47.5,63122.0,52.5,22079.0,22079.0,8898.0,40.3,13181.0,59.7,155650.0,155650.0,153451.0,98.6,2199.0,1.4,153451.0,98.6,140363.0,90.2,3087.0,2.0,407.0,0.3,2720.0,1.7,331.0,0.2,409.0,0.3,284.0,0.2,89.0,0.1,222.0,0.1,43.0,0.0,1342.0,0.9,6845.0,4.4,2199.0,1.4,637.0,0.4
30,28,150215.0,150215.0,70734.0,47.1,79481.0,52.9,7526.0,5.0,6886.0,4.6,6130.0,4.1,8375.0,5.6,15340.0,10.2,33503.0,22.3,20556.0,13.7,18161.0,12.1,8463.0,5.6,5883.0,3.9,8908.0,5.9,7104.0,4.7,3380.0,2.3,33.9,125979.0,83.9,118497.0,78.9,22579.0,15.0,19392.0,12.9,125979.0,125979.0,58657.0,46.6,67322.0,53.4,19392.0,19392.0,7273.0,37.5,12119.0,62.5,150215.0,150215.0,147180.0,98.0,3035.0,2.0,147180.0,98.0,120309.0,80.1,9454.0,6.3,374.0,0.2,12207.0,8.1,3001.0,2.0,4472.0,3.0,76.0,0.1,339.0,0.2,751.0,0.5,1157.0,0.8,2411.0,1.6,4673.0,3.1,3035.0,2.0,952.0,0.6
31,29,162637.0,162637.0,79763.0,49.0,82874.0,51.0,10469.0,6.4,11906.0,7.3,11215.0,6.9,10992.0,6.8,8183.0,5.0,19149.0,11.8,26493.0,16.3,26402.0,16.2,10128.0,6.2,8821.0,5.4,9402.0,5.8,6632.0,4.1,2845.0,1.7,38.9,122355.0,75.2,116118.0,71.4,23838.0,14.7,18879.0,11.6,122355.0,122355.0,59002.0,48.2,63353.0,51.8,18879.0,18879.0,8080.0,42.8,10799.0,57.2,162637.0,162637.0,159941.0,98.3,2696.0,1.7,159941.0,98.3,135589.0,83.4,5813.0,3.6,418.0,0.3,9689.0,6.0,4642.0,2.9,2923.0,1.8,198.0,0.1,336.0,0.2,512.0,0.3,622.0,0.4,456.0,0.3,8432.0,5.2,2696.0,1.7,684.0,0.4
32,30,157794.0,157794.0,75864.0,48.1,81930.0,51.9,10418.0,6.6,11019.0,7.0,11372.0,7.2,13347.0,8.5,11006.0,7.0,19036.0,12.1,22239.0,14.1,24835.0,15.7,9032.0,5.7,7976.0,5.1,9370.0,5.9,5976.0,3.8,2168.0,1.4,36.3,117243.0,74.3,109157.0,69.2,21872.0,13.9,17514.0,11.1,117243.0,117243.0,55347.0,47.2,61896.0,52.8,17514.0,17514.0,7414.0,42.3,10100.0,57.7,157794.0,157794.0,153028.0,97.0,4766.0,3.0,153028.0,97.0,108566.0,68.8,34004.0,21.5,372.0,0.2,2674.0,1.7,246.0,0.2,552.0,0.3,653.0,0.4,60.0,0.0,65.0,0.0,778.0,0.5,320.0,0.2,7412.0,4.7,4766.0,3.0,1953.0,1.2
33,31,178259.0,178259.0,87073.0,48.8,91186.0,51.2,8554.0,4.8,7503.0,4.2,8433.0,4.7,17674.0,9.9,25497.0,14.3,34613.0,19.4,22609.0,12.7,19300.0,10.8,9146.0,5.1,7800.0,4.4,9501.0,5.3,5631.0,3.2,1998.0,1.1,30.5,148267.0,83.2,130454.0,73.2,21237.0,11.9,17130.0,9.6,148267.0,148267.0,71845.0,48.5,76422.0,51.5,17130.0,17130.0,7126.0,41.6,10004.0,58.4,178259.0,178259.0,173153.0,97.1,5106.0,2.9,173153.0,97.1,84746.0,47.5,50896.0,28.6,805.0,0.5,18787.0,10.5,2923.0,1.6,11416.0,6.4,337.0,0.2,724.0,0.4,1006.0,0.6,1051.0,0.6,1330.0,0.7,17891.0,10.0,5106.0,2.9,1315.0,0.7
34,32,162683.0,162683.0,75906.0,46.7,86777.0,53.3,6194.0,3.8,4912.0,3.0,4265.0,2.6,16833.0,10.3,28263.0,17.4,36811.0,22.6,18126.0,11.1,16158.0,9.9,7255.0,4.5,6228.0,3.8,7717.0,4.7,6791.0,4.2,3130.0,1.9,29.4,144197.0,88.6,123802.0,76.1,20939.0,12.9,17638.0,10.8,144197.0,144197.0,66229.0,45.9,77968.0,54.1,17638.0,17638.0,6742.0,38.2,10896.0,61.8,162683.0,162683.0,159687.0,98.2,2996.0,1.8,159687.0,98.2,126988.0,78.1,8593.0,5.3,297.0,0.2,20507.0,12.6,3747.0,2.3,10712.0,6.6,522.0,0.3,851.0,0.5,2413.0,1.5,546.0,0.3,1716.0,1.1,3187.0,2.0,2996.0,1.8,718.0,0.4
35,33,175232.0,175232.0,84323.0,48.1,90909.0,51.9,11084.0,6.3,11046.0,6.3,12085.0,6.9,14069.0,8.0,13166.0,7.5,23038.0,13.1,26620.0,15.2,25329.0,14.5,10015.0,5.7,7824.0,4.5,10014.0,5.7,7563.0,4.3,3379.0,1.9,36.2,133302.0,76.1,123814.0,70.7,25515.0,14.6,20956.0,12.0,133302.0,133302.0,63173.0,47.4,70129.0,52.6,20956.0,20956.0,8753.0,41.8,12203.0,58.2,175232.0,175232.0,171817.0,98.1,3415.0,1.9,171817.0,98.1,146054.0,83.3,8429.0,4.8,330.0,0.2,12296.0,7.0,4337.0,2.5,2635.0,1.5,434.0,0.2,80.0,0.0,276.0,0.2,3281.0,1.9,1253.0,0.7,4553.0,2.6,3415.0,1.9,1252.0,0.7
36,34,152747.0,152747.0,72365.0,47.4,80382.0,52.6,9909.0,6.5,8388.0,5.5,9415.0,6.2,9039.0,5.9,9487.0,6.2,19757.0,12.9,21715.0,14.2,24283.0,15.9,9564.0,6.3,6948.0,4.5,10802.0,7.1,8937.0,5.9,4503.0,2.9,40.5,118937.0,77.9,114407.0,74.9,27947.0,18.3,24242.0,15.9,118937.0,118937.0,54981.0,46.2,63956.0,53.8,24242.0,24242.0,9495.0,39.2,14747.0,60.8,152747.0,152747.0,148504.0,97.2,4243.0,2.8,148504.0,97.2,109235.0,71.5,23746.0,15.5,530.0,0.3,5946.0,3.9,1349.0,0.9,2368.0,1.6,720.0,0.5,118.0,0.1,267.0,0.2,571.0,0.4,553.0,0.4,9032.0,5.9,4243.0,2.8,1228.0,0.8
37,35,153216.0,153216.0,73534.0,48.0,79682.0,52.0,9556.0,6.2,9404.0,6.1,10439.0,6.8,10384.0,6.8,10144.0,6.6,18631.0,12.2,22596.0,14.7,23367.0,15.3,9483.0,6.2,8412.0,5.5,10511.0,6.9,7356.0,4.8,2933.0,1.9,39.0,116727.0,76.2,111237.0,72.6,25170.0,16.4,20800.0,13.6,116727.0,116727.0,54718.0,46.9,62009.0,53.1,20800.0,20800.0,8604.0,41.4,12196.0,58.6,153216.0,153216.0,148522.0,96.9,4694.0,3.1,148522.0,96.9,121059.0,79.0,12856.0,8.4,212.0,0.1,6493.0,4.2,553.0,0.4,878.0,0.6,38.0,0.0,86.0,0.1,100.0,0.1,952.0,0.6,3886.0,2.5,7902.0,5.2,4694.0,3.1,2950.0,1.9
38,36,163854.0,163854.0,81575.0,49.8,82279.0,50.2,8211.0,5.0,10086.0,6.2,10489.0,6.4,13786.0,8.4,10822.0,6.6,17568.0,10.7,23582.0,14.4,26461.0,16.1,10784.0,6.6,9047.0,5.5,11063.0,6.8,8389.0,5.1,3566.0,2.2,40.2,128205.0,78.2,118301.0,72.2,28162.0,17.2,23018.0,14.0,128205.0,128205.0,63620.0,49.6,64585.0,50.4,23018.0,23018.0,9829.0,42.7,13189.0,57.3,163854.0,163854.0,161003.0,98.3,2851.0,1.7,161003.0,98.3,136687.0,83.4,4965.0,3.0,158.0,0.1,15033.0,9.2,4335.0,2.6,6602.0,4.0,626.0,0.4,466.0,0.3,1355.0,0.8,531.0,0.3,1118.0,0.7,4056.0,2.5,2851.0,1.7,319.0,0.2
39,37,157903.0,157903.0,78889.0,50.0,79014.0,50.0,10011.0,6.3,9909.0,6.3,10494.0,6.6,11364.0,7.2,10502.0,6.7,18718.0,11.9,22668.0,14.4,26196.0,16.6,10275.0,6.5,7704.0,4.9,9801.0,6.2,7186.0,4.6,3075.0,1.9,38.8,120878.0,76.6,113186.0,71.7,24124.0,15.3,20062.0,12.7,120878.0,120878.0,59422.0,49.2,61456.0,50.8,20062.0,20062.0,8372.0,41.7,11690.0,58.3,157903.0,157903.0,154608.0,97.9,3295.0,2.1,154608.0,97.9,139444.0,88.3,5278.0,3.3,291.0,0.2,3664.0,2.3,355.0,0.2,687.0,0.4,297.0,0.2,72.0,0.0,507.0,0.3,474.0,0.3,1272.0,0.8,5899.0,3.7,3295.0,2.1,1212.0,0.8
40,38,171583.0,171583.0,84549.0,49.3,87034.0,50.7,10997.0,6.4,11824.0,6.9,12518.0,7.3,11124.0,6.5,9120.0,5.3,19759.0,11.5,27827.0,16.2,28631.0,16.7,11179.0,6.5,8809.0,5.1,9784.0,5.7,6584.0,3.8,3427.0,2.0,39.0,128804.0,75.1,123301.0,71.9,25097.0,14.6,19795.0,11.5,128804.0,128804.0,62773.0,48.7,66031.0,51.3,19795.0,19795.0,8271.0,41.8,11524.0,58.2,171583.0,171583.0,167766.0,97.8,3817.0,2.2,167766.0,97.8,160605.0,93.6,2072.0,1.2,312.0,0.2,2468.0,1.4,885.0,0.5,291.0,0.2,190.0,0.1,91.0,0.1,84.0,0.0,326.0,0.2,601.0,0.4,2297.0,1.3,3817.0,2.2,888.0,0.5
41,39,162413.0,162413.0,80189.0,49.4,82224.0,50.6,9057.0,5.6,10345.0,6.4,11243.0,6.9,11536.0,7.1,7979.0,4.9,16602.0,10.2,24386.0,15.0,28266.0,17.4,11838.0,7.3,9384.0,5.8,11313.0,7.0,7538.0,4.6,2926.0,1.8,41.3,123674.0,76.1,118220.0,72.8,27062.0,16.7,21777.0,13.4,123674.0,123674.0,60301.0,48.8,63373.0,51.2,21777.0,21777.0,9332.0,42.9,12445.0,57.1,162413.0,162413.0,159987.0,98.5,2426.0,1.5,159987.0,98.5,156359.0,96.3,978.0,0.6,241.0,0.1,1176.0,0.7,145.0,0.1,633.0,0.4,143.0,0.1,71.0,0.0,5.0,0.0,17.0,0.0,162.0,0.1,1233.0,0.8,2426.0,1.5,825.0,0.5
42,0,149077.0,149077.0,71669.0,48.1,77408.0,51.9,6798.0,4.6,7803.0,5.2,8440.0,5.7,10422.0,7.0,8951.0,6.0,14366.0,9.6,18754.0,12.6,24213.0,16.2,12082.0,8.1,10269.0,6.9,13203.0,8.9,9430.0,6.3,4346.0,2.9,44.5,119886.0,80.4,113314.0,76.0,32826.0,22.0,26979.0,18.1,119886.0,119886.0,57026.0,47.6,62860.0,52.4,26979.0,26979.0,11420.0,42.3,15559.0,57.7,149077.0,149077.0,146106.0,98.0,2971.0,2.0,146106.0,98.0,139395.0,93.5,3701.0,2.5,319.0,0.2,1717.0,1.2,291.0,0.2,321.0,0.2,253.0,0.2,66.0,0.0,268.0,0.2,208.0,0.1,310.0,0.2,901.0,0.6,2971.0,2.0,1109.0,0.7
43,40,155357.0,155357.0,74818.0,48.2,80539.0,51.8,6953.0,4.5,7805.0,5.0,8913.0,5.7,10803.0,7.0,9232.0,5.9,15045.0,9.7,18542.0,11.9,25335.0,16.3,12771.0,8.2,11512.0,7.4,14308.0,9.2,9367.0,6.0,4771.0,3.1,45.2,125434.0,80.7,118628.0,76.4,35047.0,22.6,28446.0,18.3,125434.0,125434.0,59746.0,47.6,65688.0,52.4,28446.0,28446.0,12124.0,42.6,16322.0,57.4,155357.0,155357.0,152057.0,97.9,3300.0,2.1,152057.0,97.9,145112.0,93.4,3650.0,2.3,326.0,0.2,1828.0,1.2,268.0,0.2,489.0,0.3,277.0,0.2,99.0,0.1,202.0,0.1,135.0,0.1,358.0,0.2,1107.0,0.7,3300.0,2.1,1182.0,0.8
44,1,158442.5,158442.5,78228.5,49.35,80214.0,50.65,8326.5,5.25,11121.5,7.05,12664.0,8.0,11570.5,7.3,9269.5,5.85,15239.5,9.65,23224.0,14.65,28514.0,18.0,10742.0,6.8,8636.0,5.45,10145.0,6.4,6335.5,4.0,2654.5,1.7,40.4,118858.0,75.05,112791.5,71.2,23991.5,15.15,19135.0,12.1,118858.0,118858.0,57757.5,48.6,61100.5,51.4,19135.0,19135.0,8052.5,42.1,11082.5,57.9,158442.5,158442.5,156404.0,98.7,2038.5,1.3,156404.0,98.7,144191.5,91.0,4453.5,2.8,75.0,0.05,6012.0,3.8,1877.5,1.2,1549.0,1.0,340.5,0.2,79.0,0.05,229.0,0.15,493.0,0.35,1444.0,0.9,1665.5,1.05,2038.5,1.3,320.0,0.2
45,2,165409.5,165409.5,78990.5,47.8,86419.0,52.2,6837.0,4.15,7173.0,4.3,8228.0,4.95,8785.5,5.3,6691.5,4.05,14223.0,8.6,19038.0,11.5,25064.5,15.1,13835.5,8.4,13901.0,8.4,20669.5,12.5,15529.0,9.35,5434.0,3.3,49.95,137808.5,83.3,133034.5,80.4,49706.0,30.05,41632.5,25.15,137808.5,137808.5,65043.0,47.2,72765.5,52.8,41632.5,41632.5,17863.5,42.9,23769.0,57.1,165409.5,165409.5,162319.0,98.15,3090.5,1.85,162319.0,98.15,153588.5,92.85,4542.5,2.75,908.0,0.55,1472.5,0.9,349.0,0.2,466.5,0.3,87.5,0.1,30.0,0.0,85.5,0.05,114.0,0.1,340.0,0.2,1807.5,1.1,3090.5,1.85,972.0,0.6
46,41,168316.0,168316.0,81191.0,48.2,87125.0,51.8,9445.0,5.6,11083.0,6.6,9907.0,5.9,9035.0,5.4,10289.0,6.1,22979.0,13.7,25145.0,14.9,26255.0,15.6,11195.0,6.7,9353.0,5.6,11789.0,7.0,7929.0,4.7,3912.0,2.3,39.8,132122.0,78.5,126962.0,75.4,28675.0,17.0,23630.0,14.0,132122.0,132122.0,62714.0,47.5,69408.0,52.5,23630.0,23630.0,9673.0,40.9,13957.0,59.1,168316.0,168316.0,164667.0,97.8,3649.0,2.2,164667.0,97.8,133515.0,79.3,10121.0,6.0,186.0,0.1,18615.0,11.1,3023.0,1.8,10844.0,6.4,227.0,0.1,151.0,0.1,508.0,0.3,1709.0,1.0,2153.0,1.3,2230.0,1.3,3649.0,2.2,859.0,0.5
47,3,163327.0,163327.0,78482.0,48.05,84845.0,51.95,8471.5,5.2,9327.5,5.7,9821.5,6.0,10280.0,6.3,10424.5,6.35,19824.0,12.15,23003.5,14.1,24527.0,15.05,11139.5,6.8,10606.0,6.5,12643.0,7.75,8926.5,5.45,4332.5,2.65,41.3,128816.0,78.85,123492.5,75.6,31583.0,19.35,25902.0,15.85,128816.0,128816.0,60891.5,47.25,67924.5,52.75,25902.0,25902.0,10265.5,39.65,15636.5,60.35,163327.0,163327.0,159898.0,97.9,3429.0,2.1,159898.0,97.9,150274.5,92.0,3559.0,2.2,151.5,0.1,2791.0,1.7,140.5,0.1,617.0,0.4,184.0,0.1,25.0,0.0,179.0,0.1,132.5,0.1,1513.0,0.95,3122.0,1.9,3429.0,2.1,902.0,0.55
48,4,170080.5,170080.5,81893.5,48.15,88187.0,51.85,10351.0,6.1,10766.5,6.35,11344.5,6.65,10135.5,6.0,8966.0,5.25,20314.0,11.95,24826.0,14.6,28335.5,16.65,11685.0,6.85,10319.5,6.05,11135.0,6.55,7684.0,4.5,4218.0,2.5,40.65,131074.5,77.05,125581.5,73.8,29068.0,17.1,23037.0,13.55,131074.5,131074.5,61866.0,47.2,69208.5,52.8,23037.0,23037.0,9287.0,40.35,13750.0,59.65,170080.5,170080.5,167264.5,98.35,2816.0,1.65,167264.5,98.35,147699.5,86.85,3533.0,2.05,361.0,0.2,3943.0,2.35,353.5,0.2,960.5,0.55,197.5,0.1,66.0,0.0,373.0,0.2,883.5,0.55,1109.0,0.65,11728.0,6.9,2816.0,1.65,765.0,0.45
49,5,169923.0,169923.0,83779.0,49.3,86144.0,50.7,8502.5,5.0,10969.5,6.45,12501.5,7.35,12115.0,7.1,8285.5,4.85,14388.0,8.45,22864.5,13.45,31150.5,18.35,13105.5,7.75,11376.0,6.7,13855.0,8.15,7708.0,4.55,3101.5,1.85,43.35,130301.5,76.7,123831.0,72.85,30929.5,18.2,24664.5,14.5,130301.5,130301.5,62929.0,48.3,67372.5,51.7,24664.5,24664.5,10749.0,43.55,13915.5,56.45,169923.0,169923.0,168141.5,98.95,1781.5,1.05,168141.5,98.95,161229.0,94.9,1491.0,0.85,140.0,0.1,3876.0,2.3,1156.0,0.7,1130.5,0.65,169.0,0.1,80.5,0.05,603.5,0.35,355.0,0.25,381.5,0.2,1371.0,0.8,1781.5,1.05,367.0,0.2
50,6,160021.5,160021.5,76460.5,47.8,83561.0,52.2,8385.0,5.25,9304.0,5.85,10656.0,6.65,12380.5,7.75,9805.0,6.15,16246.0,10.15,20302.0,12.7,26314.5,16.45,11895.5,7.45,9019.5,5.6,12400.0,7.75,8583.5,5.35,4730.0,2.95,41.8,124401.0,77.75,117007.0,73.1,30825.5,19.25,25713.5,16.05,124401.0,124401.0,58639.0,47.15,65762.0,52.85,25713.5,25713.5,10562.5,41.05,15151.0,58.95,160021.5,160021.5,156621.0,97.9,3400.5,2.1,156621.0,97.9,135318.0,84.5,10998.0,6.9,145.0,0.1,3535.5,2.2,230.5,0.15,898.5,0.55,154.0,0.1,21.0,0.0,346.0,0.2,770.0,0.5,1115.5,0.7,6620.5,4.15,3400.5,2.1,1247.5,0.75
51,7,164765.5,164765.5,80445.5,48.8,84320.0,51.2,10229.0,6.2,10863.0,6.6,11447.0,6.95,13130.5,8.0,12158.5,7.35,22041.0,13.4,22972.5,13.9,26121.0,15.85,10668.0,6.45,8180.5,5.0,9121.0,5.55,5594.0,3.4,2239.5,1.4,36.3,124689.5,75.65,116833.5,70.9,21625.5,13.15,16954.5,10.3,124689.5,124689.5,60160.5,48.25,64529.0,51.75,16954.5,16954.5,6955.5,41.0,9999.0,59.0,164765.5,164765.5,160758.5,97.6,4007.0,2.4,160758.5,97.6,116761.0,70.9,7223.5,4.4,294.5,0.2,24698.5,15.0,3513.0,2.1,1548.0,0.95,470.0,0.3,43.5,0.0,299.0,0.2,2010.5,1.2,16814.5,10.2,11614.0,7.05,4007.0,2.4,1107.0,0.65
52,8,159307.0,159307.0,73221.0,45.95,86086.0,54.05,8886.5,5.55,10462.5,6.6,9389.5,5.9,11403.0,7.15,12881.0,8.1,19639.0,12.3,21161.5,13.3,21966.0,13.8,10778.0,6.8,9548.0,6.0,11536.5,7.2,7518.5,4.75,4137.0,2.6,38.4,124628.0,78.2,116202.0,72.95,28731.0,18.0,23192.0,14.55,124628.0,124628.0,56313.5,45.15,68314.5,54.85,23192.0,23192.0,10021.5,43.25,13170.5,56.75,159307.0,159307.0,156323.0,98.15,2984.0,1.85,156323.0,98.15,128926.0,80.95,3457.5,2.15,98.0,0.1,21480.5,13.45,3079.5,1.9,11595.0,7.25,444.5,0.25,1377.5,0.85,2994.0,1.9,636.5,0.4,1353.5,0.85,2304.5,1.45,2984.0,1.85,465.5,0.3
53,9,170343.5,170343.5,82772.0,48.6,87571.5,51.4,9578.5,5.6,10636.5,6.25,11072.0,6.5,12399.0,7.25,10606.0,6.2,18734.0,11.0,25003.0,14.7,27479.0,16.15,11018.5,6.45,10499.5,6.2,12293.0,7.2,7709.5,4.5,3315.0,1.95,40.35,132113.5,77.55,123867.0,72.7,29080.0,17.05,23317.5,13.7,132113.5,132113.5,63145.0,47.8,68968.5,52.2,23317.5,23317.5,10278.5,44.1,13039.0,55.9,170343.5,170343.5,167281.5,98.2,3062.0,1.8,167281.5,98.2,156216.5,91.7,5671.0,3.3,282.0,0.2,1704.0,1.0,293.5,0.15,445.5,0.25,188.5,0.1,14.5,0.0,276.5,0.2,133.5,0.05,352.0,0.2,3378.5,1.95,3062.0,1.8,949.5,0.6
54,10,163333.0,163333.0,76481.0,46.85,86852.0,53.15,9421.0,5.75,9213.0,5.65,9804.0,6.0,11985.0,7.35,14679.5,9.0,32235.5,19.7,22966.5,14.05,20149.5,12.35,9042.5,5.55,7503.5,4.6,8947.0,5.45,4985.5,3.05,2400.5,1.5,32.7,127244.0,77.9,120699.5,73.9,20428.0,12.5,16333.0,10.0,127244.0,127244.0,58182.0,45.75,69062.0,54.25,16333.0,16333.0,6390.5,39.1,9942.5,60.9,163333.0,163333.0,159036.0,97.35,4297.0,2.65,159036.0,97.35,59645.0,36.55,70128.0,42.95,537.0,0.35,13816.5,8.45,1001.0,0.6,2239.5,1.4,303.5,0.2,137.0,0.1,216.5,0.1,9404.5,5.75,514.5,0.35,14753.5,9.05,4297.0,2.65,1175.0,0.7
55,11,171225.5,171225.5,86860.0,50.7,84365.5,49.3,9380.5,5.5,7838.5,4.55,6718.0,3.9,9648.0,5.65,16964.0,9.9,39130.0,22.9,24239.0,14.15,21400.0,12.5,8582.0,5.0,7317.5,4.25,10418.0,6.1,6427.5,3.75,3162.5,1.85,33.45,143158.5,83.6,134233.0,78.4,24114.0,14.1,20008.0,11.7,143158.5,143158.5,72509.5,50.65,70649.0,49.35,20008.0,20008.0,8703.0,43.5,11305.0,56.5,171225.5,171225.5,157293.5,91.85,13932.0,8.15,157293.5,91.85,123599.0,72.2,9222.5,5.4,584.0,0.35,14710.5,8.55,2432.0,1.45,6265.0,3.65,340.5,0.2,473.5,0.25,990.0,0.6,1952.0,1.15,2257.5,1.3,9091.5,5.35,13932.0,8.15,10992.0,6.45
56,12,165594.0,165594.0,80623.5,48.65,84970.5,51.35,9719.5,5.9,9692.0,5.85,10469.5,6.3,13033.5,7.85,13846.0,8.35,20915.0,12.6,21742.5,13.15,25071.5,15.15,10843.5,6.55,7895.0,4.75,10661.5,6.45,7453.0,4.5,4251.5,2.6,37.55,129364.0,78.1,119268.5,72.0,26712.5,16.15,22366.0,13.55,129364.0,129364.0,62075.0,48.0,67289.0,52.0,22366.0,22366.0,8807.0,39.4,13559.0,60.6,165594.0,165594.0,161270.5,97.4,4323.5,2.6,161270.5,97.4,135598.0,81.9,13772.0,8.3,339.5,0.2,6764.5,4.1,1181.5,0.7,1877.5,1.1,170.5,0.1,280.0,0.2,356.5,0.2,1794.0,1.1,1104.5,0.65,4710.5,2.8,4323.5,2.6,1855.5,1.1
57,13,163301.0,163301.0,79072.5,48.45,84228.5,51.55,9474.0,5.8,10182.5,6.25,9986.5,6.1,9673.0,5.9,6809.5,4.2,20816.0,12.75,23999.5,14.7,27107.0,16.6,10877.0,6.65,9186.5,5.6,13069.5,8.0,8421.0,5.2,3699.0,2.3,41.3,126826.0,77.65,122625.5,75.1,30608.0,18.7,25189.5,15.4,126826.0,126826.0,60724.0,47.9,66102.0,52.1,25189.5,25189.5,10569.5,42.0,14620.0,58.0,163301.0,163301.0,160420.5,98.2,2880.5,1.8,160420.5,98.2,140163.0,85.85,3920.0,2.4,73.0,0.0,14849.5,9.1,6540.5,4.0,4514.5,2.8,327.0,0.2,365.5,0.2,1249.0,0.75,591.5,0.35,1261.5,0.75,1409.0,0.85,2880.5,1.8,433.0,0.25
58,14,155940.5,155940.5,74963.5,48.1,80977.0,51.9,11504.5,7.35,10830.0,6.95,11349.0,7.3,13744.0,8.8,13026.0,8.35,20458.5,13.15,19679.0,12.6,19893.5,12.75,8702.5,5.6,8123.0,5.2,9003.0,5.75,6859.0,4.4,2768.5,1.75,33.4,114379.5,73.35,105855.0,67.9,23145.5,14.85,18630.5,11.95,114379.5,114379.5,53380.5,46.7,60999.0,53.3,18630.5,18630.5,7538.0,40.45,11092.5,59.55,155940.5,155940.5,151224.5,97.0,4716.0,3.0,151224.5,97.0,92601.0,59.4,25985.5,16.65,796.5,0.5,3621.5,2.3,526.5,0.3,486.0,0.35,58.5,0.05,2.5,0.0,112.5,0.05,1442.0,0.95,993.5,0.65,28212.5,18.1,4716.0,3.0,2211.5,1.4
59,15,157037.0,157037.0,73572.0,46.9,83465.0,53.1,6105.0,3.9,6821.0,4.3,7804.0,5.0,19272.0,12.3,22001.0,14.0,15938.0,10.1,16802.0,10.7,21569.0,13.7,10928.0,7.0,9714.0,6.2,10247.0,6.5,6401.0,4.1,3435.0,2.2,35.5,130732.0,83.2,109711.0,69.9,26050.0,16.6,20083.0,12.8,130732.0,130732.0,60197.0,46.0,70535.0,54.0,20083.0,20083.0,8624.0,42.9,11459.0,57.1,157037.0,157037.0,153413.0,97.7,3624.0,2.3,153413.0,97.7,140141.0,89.2,3988.0,2.5,342.0,0.2,7033.0,4.5,1512.0,1.0,2174.0,1.4,292.0,0.2,348.0,0.2,925.0,0.6,525.0,0.3,1257.0,0.8,1870.0,1.2,3624.0,2.3,1090.0,0.7
60,42,156849.0,156849.0,73211.0,46.7,83638.0,53.3,5942.0,3.8,6757.0,4.3,7695.0,4.9,19346.0,12.3,21932.0,14.0,15966.0,10.2,16714.0,10.7,21235.0,13.5,10513.0,6.7,9877.0,6.3,10661.0,6.8,6670.0,4.3,3541.0,2.3,35.6,131189.0,83.6,109874.0,70.1,26692.0,17.0,20872.0,13.3,131189.0,131189.0,60312.0,46.0,70877.0,54.0,20872.0,20872.0,8875.0,42.5,11997.0,57.5,156849.0,156849.0,153286.0,97.7,3563.0,2.3,153286.0,97.7,140184.0,89.4,3899.0,2.5,387.0,0.2,7364.0,4.7,1357.0,0.9,2582.0,1.6,256.0,0.2,310.0,0.2,1035.0,0.7,431.0,0.3,1393.0,0.9,1406.0,0.9,3563.0,2.3,966.0,0.6
61,16,160204.0,160204.0,78144.0,48.8,82060.0,51.2,8503.0,5.3,9887.0,6.2,9575.0,6.0,9577.0,6.0,9650.0,6.0,21007.0,13.1,24093.0,15.0,25568.0,16.0,10537.0,6.6,8664.0,5.4,11852.0,7.4,7594.0,4.7,3697.0,2.3,40.3,126111.0,78.7,120823.0,75.4,27970.0,17.5,23143.0,14.4,126111.0,126111.0,60591.0,48.0,65520.0,52.0,23143.0,23143.0,9780.0,42.3,13363.0,57.7,160204.0,160204.0,156699.0,97.8,3505.0,2.2,156699.0,97.8,128933.0,80.5,9643.0,6.0,152.0,0.1,15595.0,9.7,2502.0,1.6,8845.0,5.5,481.0,0.3,132.0,0.1,461.0,0.3,1845.0,1.2,1329.0,0.8,2361.0,1.5,3505.0,2.2,1008.0,0.6
62,43,169396.0,169396.0,84058.0,49.6,85338.0,50.4,10499.0,6.2,6808.0,4.0,6610.0,3.9,11202.0,6.6,20573.0,12.1,41439.0,24.5,23066.0,13.6,17765.0,10.5,7815.0,4.6,6732.0,4.0,8345.0,4.9,5545.0,3.3,2997.0,1.8,31.1,141211.0,83.4,129118.0,76.2,21086.0,12.4,16887.0,10.0,141211.0,141211.0,69451.0,49.2,71760.0,50.8,16887.0,16887.0,7023.0,41.6,9864.0,58.4,169396.0,169396.0,151675.0,89.5,17721.0,10.5,151675.0,89.5,111789.0,66.0,17255.0,10.2,209.0,0.1,14219.0,8.4,2748.0,1.6,6261.0,3.7,362.0,0.2,610.0,0.4,1360.0,0.8,1674.0,1.0,1204.0,0.7,8124.0,4.8,17721.0,10.5,14097.0,8.3
63,17,171591.5,171591.5,86014.0,50.15,85577.5,49.85,9850.0,5.75,11940.5,6.95,11793.5,6.85,11553.0,6.75,7236.0,4.2,17801.5,10.35,27923.0,16.25,30610.5,17.85,11662.0,6.8,9659.0,5.6,10899.0,6.35,7521.0,4.4,3142.5,1.85,40.85,129667.0,75.6,124787.0,72.7,27180.5,15.85,21562.5,12.55,129667.0,129667.0,64724.0,49.95,64943.0,50.05,21562.5,21562.5,9335.5,43.3,12227.0,56.7,171591.5,171591.5,165767.5,96.6,5824.0,3.4,165767.5,96.6,145030.0,84.5,3787.0,2.2,313.0,0.2,13960.5,8.15,5812.5,3.4,4664.5,2.7,380.0,0.2,388.0,0.25,1007.5,0.6,976.5,0.6,731.5,0.45,2677.0,1.55,5824.0,3.4,2920.5,1.7
64,18,165778.0,165778.0,82303.0,49.6,83475.0,50.4,10115.0,6.1,7497.0,4.5,7755.0,4.7,10250.0,6.2,16944.0,10.2,35663.0,21.5,23821.0,14.4,20207.0,12.2,8608.0,5.2,7117.0,4.3,8864.0,5.3,6247.0,3.8,2690.0,1.6,32.9,135828.0,81.9,126405.0,76.2,22019.0,13.3,17801.0,10.7,135828.0,135828.0,66606.0,49.0,69222.0,51.0,17801.0,17801.0,7217.0,40.5,10584.0,59.5,165778.0,165778.0,150471.0,90.8,15307.0,9.2,150471.0,90.8,115955.0,69.9,13565.0,8.2,162.0,0.1,11577.0,7.0,1875.0,1.1,4636.0,2.8,452.0,0.3,298.0,0.2,1031.0,0.6,1718.0,1.0,1567.0,0.9,9111.0,5.5,15307.0,9.2,12116.0,7.3
65,19,159748.5,159748.5,76367.0,47.8,83381.5,52.2,8170.5,5.1,8123.0,5.05,8439.0,5.3,8918.0,5.6,9838.5,6.15,26173.5,16.4,22411.0,14.0,24154.0,15.15,10401.0,6.5,9183.5,5.75,12331.0,7.7,7934.5,4.95,3671.0,2.3,39.45,129677.0,81.2,124364.0,77.85,28813.0,18.05,23936.5,15.0,129677.0,129677.0,61611.0,47.55,68066.0,52.45,23936.5,23936.5,9787.0,40.9,14149.5,59.1,159748.5,159748.5,157282.0,98.5,2466.5,1.5,157282.0,98.5,123459.0,77.3,7284.5,4.55,233.0,0.15,24685.5,15.45,3043.5,1.9,15846.5,9.9,897.0,0.6,330.0,0.2,307.5,0.2,3225.5,2.0,1035.5,0.65,1620.0,1.0,2466.5,1.5,422.0,0.25
66,44,158466.0,158466.0,76586.0,48.3,81880.0,51.7,9836.0,6.2,9220.0,5.8,10462.0,6.6,8856.0,5.6,8405.0,5.3,19148.0,12.1,21777.0,13.7,26479.0,16.7,10662.0,6.7,8012.0,5.1,11609.0,7.3,9273.0,5.9,4727.0,3.0,41.5,122846.0,77.5,118500.0,74.8,30026.0,18.9,25609.0,16.2,122846.0,122846.0,58242.0,47.4,64604.0,52.6,25609.0,25609.0,10632.0,41.5,14977.0,58.5,158466.0,158466.0,154328.0,97.4,4138.0,2.6,154328.0,97.4,125295.0,79.1,16227.0,10.2,459.0,0.3,7058.0,4.5,1634.0,1.0,3174.0,2.0,546.0,0.3,96.0,0.1,524.0,0.3,385.0,0.2,699.0,0.4,5284.0,3.3,4138.0,2.6,1048.0,0.7
67,20,165081.0,165081.0,80990.0,49.05,84091.0,50.95,9999.5,6.05,12047.5,7.3,12450.0,7.55,13082.0,7.9,9249.5,5.6,13384.5,8.1,24970.0,15.1,28387.0,17.2,11784.0,7.15,8941.0,5.4,10969.5,6.65,6636.5,4.0,3180.0,1.95,40.5,123079.0,74.55,115367.5,69.85,25900.5,15.7,20786.0,12.55,123079.0,123079.0,58690.0,47.7,64389.0,52.3,20786.0,20786.0,9022.0,43.4,11764.0,56.6,165081.0,165081.0,162695.0,98.55,2386.0,1.45,162695.0,98.55,150091.0,90.9,2887.0,1.75,168.0,0.1,8140.0,4.95,1762.0,1.05,3836.5,2.35,243.5,0.15,74.5,0.0,832.5,0.55,452.0,0.3,939.0,0.6,1383.0,0.85,2386.0,1.45,434.0,0.25
68,21,156950.5,156950.5,74604.5,47.5,82346.0,52.5,9301.5,5.95,9848.5,6.25,10042.0,6.4,10593.5,6.75,8576.0,5.45,15568.0,9.9,23747.0,15.1,25470.0,16.2,11119.5,7.05,9447.0,6.0,11680.0,7.45,7951.0,5.1,3606.5,2.3,41.4,121081.5,77.15,114778.5,73.15,28621.0,18.2,23237.5,14.8,121081.5,121081.5,55859.0,46.1,65222.5,53.9,23237.5,23237.5,9375.0,40.35,13862.5,59.65,156950.5,156950.5,154970.5,98.75,1980.0,1.25,154970.5,98.75,120489.5,76.75,23318.5,14.85,337.5,0.2,9013.5,5.7,1170.0,0.75,3321.0,2.1,618.5,0.4,128.5,0.05,511.0,0.35,2343.5,1.5,921.0,0.6,1811.5,1.15,1980.0,1.25,561.0,0.35
69,22,165612.0,165612.0,80979.0,48.9,84633.0,51.1,8699.0,5.25,9976.0,6.05,10824.0,6.55,10633.5,6.4,8400.0,5.05,14726.5,8.9,22232.5,13.4,27886.5,16.8,12472.5,7.55,11162.0,6.75,15242.5,9.2,9628.5,5.8,3728.5,2.25,43.9,129369.5,78.1,123669.0,74.7,35144.0,21.25,28599.5,17.3,129369.5,129369.5,62731.0,48.5,66638.5,51.5,28599.5,28599.5,12606.5,44.1,15993.0,55.9,165612.0,165612.0,162863.0,98.3,2749.0,1.7,162863.0,98.3,156370.5,94.4,2688.0,1.65,317.0,0.2,1926.5,1.15,267.5,0.15,548.0,0.35,146.5,0.1,86.5,0.1,328.0,0.2,341.5,0.2,208.5,0.1,1537.5,0.95,2749.0,1.7,687.5,0.45
70,23,162487.0,162487.0,77964.5,48.0,84522.5,52.0,9240.5,5.65,11249.5,6.9,12287.5,7.6,9811.0,6.05,6391.5,3.95,14022.5,8.65,22660.5,13.95,27917.5,17.2,12876.0,7.95,10692.0,6.6,12890.0,7.9,9077.5,5.6,3371.0,2.05,43.25,122771.5,75.55,118750.0,73.05,31442.5,19.35,25338.5,15.6,122771.5,122771.5,57235.5,46.65,65536.0,53.35,25338.5,25338.5,10405.5,41.05,14933.0,58.95,162487.0,162487.0,160562.5,98.8,1924.5,1.2,160562.5,98.8,153219.0,94.3,2656.0,1.6,210.5,0.1,3475.5,2.15,602.0,0.4,1272.5,0.8,307.5,0.2,91.0,0.1,235.5,0.15,719.5,0.45,247.5,0.2,1001.5,0.6,1924.5,1.2,296.5,0.2
71,24,161193.0,161193.0,76977.0,47.75,84216.0,52.25,8873.5,5.5,9437.5,5.85,10097.0,6.25,11002.0,6.8,11365.0,7.05,20108.5,12.5,21015.5,13.0,23651.5,14.65,10476.5,6.5,9252.5,5.7,12468.5,7.75,8556.5,5.3,4888.5,3.05,40.0,126525.5,78.5,119488.0,74.15,31277.0,19.4,25913.5,16.1,126525.5,126525.5,59667.0,47.2,66858.5,52.8,25913.5,25913.5,10442.0,40.3,15471.5,59.7,161193.0,161193.0,155991.0,96.8,5202.0,3.2,155991.0,96.8,137275.0,85.2,8737.5,5.4,404.0,0.25,1947.5,1.2,146.0,0.1,663.0,0.4,234.0,0.15,33.0,0.0,203.0,0.1,493.0,0.3,175.5,0.1,7597.5,4.7,5202.0,3.2,1730.0,1.1
72,25,164559.5,164559.5,77894.0,47.3,86665.5,52.7,8804.5,5.35,9386.5,5.7,8516.5,5.2,11303.0,6.85,11298.0,6.85,19477.5,11.85,21870.5,13.3,25883.5,15.75,11168.0,6.8,9452.5,5.75,12451.5,7.6,9312.5,5.65,5635.0,3.45,41.45,131776.5,80.1,123853.5,75.3,32560.0,19.8,27399.0,16.65,131776.5,131776.5,61003.0,46.3,70773.5,53.7,27399.0,27399.0,11080.0,40.45,16319.0,59.55,164559.5,164559.5,162119.5,98.55,2440.0,1.45,162119.5,98.55,148694.5,90.35,4619.5,2.8,225.5,0.1,3760.5,2.3,433.5,0.25,881.0,0.55,810.0,0.5,192.0,0.1,413.5,0.25,545.5,0.35,485.0,0.25,4787.0,2.9,2440.0,1.45,947.0,0.55
73,26,167565.5,167565.5,81292.5,48.5,86273.0,51.5,11589.0,6.9,11574.0,6.95,12368.5,7.4,13479.0,8.05,10629.5,6.3,20826.0,12.45,23245.5,13.85,25218.5,15.05,10648.5,6.35,8756.0,5.25,9805.0,5.85,6174.0,3.7,3252.0,1.95,36.5,123450.0,73.65,116275.0,69.4,24032.0,14.35,19231.0,11.5,123450.0,123450.0,58639.0,47.5,64811.0,52.5,19231.0,19231.0,7760.5,40.35,11470.5,59.65,167565.5,167565.5,163335.0,97.45,4230.5,2.55,163335.0,97.45,107595.0,64.25,5126.5,3.05,300.5,0.2,7462.0,4.45,1694.5,1.0,1945.0,1.15,271.0,0.2,170.5,0.1,917.0,0.55,668.5,0.4,1795.5,1.1,42803.0,25.55,4230.5,2.55,1499.5,0.9
74,27,156725.0,156725.0,75669.0,48.3,81056.0,51.7,8194.5,5.2,9881.0,6.3,9883.5,6.3,11196.5,7.1,10924.0,6.95,18474.5,11.8,20945.5,13.35,25092.5,16.0,10214.0,6.55,9215.0,5.9,10784.5,6.85,7733.5,4.95,4186.0,2.7,40.0,122505.0,78.15,114958.5,73.35,27892.0,17.8,22704.0,14.45,122505.0,122505.0,57980.0,47.3,64525.0,52.7,22704.0,22704.0,9281.0,40.9,13423.0,59.1,156725.0,156725.0,154434.5,98.55,2290.5,1.45,154434.5,98.55,140528.0,89.65,3628.0,2.3,450.0,0.3,2951.5,1.9,494.5,0.3,410.0,0.25,176.0,0.1,47.5,0.05,491.5,0.3,15.0,0.0,1317.0,0.85,6877.0,4.4,2290.5,1.45,543.0,0.35
75,28,162410.5,162410.5,77595.0,47.75,84815.5,52.25,8485.0,5.2,7366.5,4.55,6445.5,3.95,8897.5,5.5,15583.5,9.6,37941.5,23.3,21540.0,13.3,20004.5,12.3,8544.5,5.3,7382.5,4.5,9453.5,5.8,7576.0,4.7,3190.0,2.0,33.7,136263.5,83.9,128356.0,79.0,24259.0,14.95,20219.5,12.45,136263.5,136263.5,64459.5,47.3,71804.0,52.7,20219.5,20219.5,8036.5,39.7,12183.0,60.3,162410.5,162410.5,158446.0,97.6,3964.5,2.4,158446.0,97.6,128181.0,79.0,11468.5,7.0,282.5,0.2,14442.0,8.9,3558.0,2.2,5049.5,3.1,201.0,0.15,468.0,0.3,1054.5,0.65,945.5,0.6,3165.5,1.95,4044.0,2.45,3964.5,2.4,1427.0,0.9
76,29,161173.0,161173.0,77928.5,48.35,83244.5,51.65,10641.0,6.6,11236.0,6.95,11008.5,6.8,10695.5,6.65,8381.5,5.2,19092.0,11.85,24941.0,15.45,27066.0,16.8,9762.0,6.1,9003.0,5.6,9699.5,6.05,6385.0,3.95,3262.0,2.05,39.2,121458.5,75.4,115843.5,71.9,24360.0,15.1,19346.5,12.0,121458.5,121458.5,57833.0,47.6,63625.5,52.4,19346.5,19346.5,7880.5,40.7,11466.0,59.3,161173.0,161173.0,158158.5,98.15,3014.5,1.85,158158.5,98.15,134722.0,83.6,7035.0,4.35,250.0,0.15,9613.5,5.95,4612.0,2.85,2894.0,1.8,191.0,0.1,348.5,0.2,623.0,0.4,359.5,0.25,585.5,0.35,6392.5,3.95,3014.5,1.85,1001.0,0.6
77,30,159120.0,159120.0,77430.0,48.65,81690.0,51.35,10235.0,6.4,11048.0,6.9,10979.0,6.9,13761.5,8.65,10907.0,6.9,18693.0,11.75,21478.5,13.5,25443.5,16.0,9582.0,6.0,8030.0,5.05,10301.0,6.45,6055.5,3.8,2606.0,1.65,37.15,119022.5,74.8,110532.0,69.45,23532.0,14.8,18962.5,11.9,119022.5,119022.5,56845.5,47.75,62177.0,52.25,18962.5,18962.5,7913.5,41.75,11049.0,58.25,159120.0,159120.0,154471.5,97.05,4648.5,2.95,154471.5,97.05,108988.0,68.5,35151.0,22.1,378.5,0.2,2567.0,1.6,254.5,0.15,553.5,0.35,410.5,0.25,49.0,0.0,74.0,0.0,701.5,0.45,524.0,0.35,7346.0,4.65,4648.5,2.95,1656.5,1.05
78,31,167800.5,167800.5,80766.0,48.15,87034.5,51.85,9599.5,5.8,8018.0,4.8,8499.5,5.1,13761.5,8.15,22649.0,13.4,32429.0,19.3,21331.5,12.7,18995.0,11.35,8761.0,5.25,7659.0,4.6,8947.0,5.3,5011.0,3.0,2139.5,1.25,31.1,136324.0,81.1,122793.5,73.2,20176.0,12.0,16097.5,9.55,136324.0,136324.0,64788.0,47.5,71536.0,52.5,16097.5,16097.5,6657.0,41.4,9440.5,58.6,167800.5,167800.5,162592.0,96.85,5208.5,3.15,162592.0,96.85,72374.0,42.85,56660.0,34.1,686.0,0.4,14042.5,8.2,2683.0,1.6,8094.5,4.7,242.5,0.15,438.5,0.25,791.5,0.45,662.5,0.4,1130.0,0.65,18783.0,11.25,5208.5,3.15,1305.5,0.75
79,32,164291.5,164291.5,76253.5,46.4,88038.0,53.6,6246.5,3.8,4478.5,2.75,3926.5,2.35,18392.0,11.2,32061.0,19.5,35910.5,21.85,16550.5,10.05,15975.5,9.75,6574.5,4.0,6539.5,3.95,8384.0,5.1,6499.5,4.0,2753.0,1.65,28.5,146939.5,89.4,121686.0,74.1,21282.5,12.95,17636.5,10.75,146939.5,146939.5,67058.5,45.6,79881.0,54.4,17636.5,17636.5,6775.5,38.4,10861.0,61.6,164291.5,164291.5,161009.5,98.0,3282.0,2.0,161009.5,98.0,128428.0,78.15,8025.0,4.9,257.5,0.2,20497.0,12.45,3463.5,2.15,10415.5,6.35,651.0,0.4,1107.0,0.65,2354.0,1.45,669.5,0.4,1836.5,1.1,3708.0,2.25,3282.0,2.0,688.5,0.45
80,32,164291.5,164291.5,76253.5,46.4,88038.0,53.6,6246.5,3.8,4478.5,2.75,3926.5,2.35,18392.0,11.2,32061.0,19.5,35910.5,21.85,16550.5,10.05,15975.5,9.75,6574.5,4.0,6539.5,3.95,8384.0,5.1,6499.5,4.0,2753.0,1.65,28.5,146939.5,89.4,121686.0,74.1,21282.5,12.95,17636.5,10.75,146939.5,146939.5,67058.5,45.6,79881.0,54.4,17636.5,17636.5,6775.5,38.4,10861.0,61.6,164291.5,164291.5,161009.5,98.0,3282.0,2.0,161009.5,98.0,128428.0,78.15,8025.0,4.9,257.5,0.2,20497.0,12.45,3463.5,2.15,10415.5,6.35,651.0,0.4,1107.0,0.65,2354.0,1.45,669.5,0.4,1836.5,1.1,3708.0,2.25,3282.0,2.0,688.5,0.45
81,33,174159.0,174159.0,83768.5,48.1,90390.5,51.9,10975.5,6.3,11245.5,6.45,11742.0,6.75,13804.5,7.9,11908.0,6.8,21821.5,12.5,26189.5,15.0,25902.5,14.85,10795.5,6.2,8567.5,4.9,10216.0,5.85,7290.0,4.2,3701.0,2.1,37.25,132340.0,75.95,123639.0,71.0,26256.5,15.1,21207.0,12.2,132340.0,132340.0,62546.0,47.3,69794.0,52.7,21207.0,21207.0,8817.0,41.6,12390.0,58.4,174159.0,174159.0,170380.0,97.8,3779.0,2.2,170380.0,97.8,145507.0,83.55,8456.0,4.85,281.0,0.2,12759.5,7.3,4808.5,2.75,2354.0,1.35,364.5,0.25,69.5,0.05,215.5,0.1,3432.5,1.95,1515.0,0.85,3276.5,1.9,3779.0,2.2,1192.5,0.7
82,34,155615.0,155615.0,74829.0,48.1,80786.0,51.9,10187.0,6.5,8465.0,5.4,9675.0,6.2,8688.0,5.6,9551.0,6.1,20536.0,13.2,21796.0,14.0,24998.0,16.1,10225.0,6.6,7544.0,4.8,10755.0,6.9,8836.0,5.7,4359.0,2.8,40.5,121623.0,78.2,117206.0,75.3,27847.0,17.9,23950.0,15.4,121623.0,121623.0,57182.0,47.0,64441.0,53.0,23950.0,23950.0,9570.0,40.0,14380.0,60.0,155615.0,155615.0,150895.0,97.0,4720.0,3.0,150895.0,97.0,110889.0,71.3,24576.0,15.8,325.0,0.2,6296.0,4.0,1466.0,0.9,2637.0,1.7,749.0,0.5,79.0,0.1,269.0,0.2,446.0,0.3,650.0,0.4,8795.0,5.7,4720.0,3.0,1453.0,0.9
83,45,165921.0,165921.0,79005.0,47.6,86916.0,52.4,10151.0,6.1,10394.0,6.3,11257.0,6.8,11467.0,6.9,10365.0,6.2,20190.0,12.2,22371.0,13.5,26422.0,15.9,10712.0,6.5,9084.0,5.5,11925.0,7.2,8344.0,5.0,3239.0,2.0,39.7,126535.0,76.3,120525.0,72.6,28513.0,17.2,23508.0,14.2,126535.0,126535.0,59094.0,46.7,67441.0,53.3,23508.0,23508.0,9565.0,40.7,13943.0,59.3,165921.0,165921.0,160511.0,96.7,5410.0,3.3,160511.0,96.7,126701.0,76.4,12361.0,7.4,224.0,0.1,8221.0,5.0,617.0,0.4,1112.0,0.7,77.0,0.0,76.0,0.0,319.0,0.2,1042.0,0.6,4978.0,3.0,12970.0,7.8,5410.0,3.3,3174.0,1.9
84,35,154045.0,154045.0,73650.0,47.8,80395.0,52.2,9438.0,6.1,9478.0,6.2,10855.0,7.0,11037.0,7.2,9386.0,6.1,18737.0,12.2,22399.0,14.5,23795.0,15.4,9339.0,6.1,8565.0,5.6,10462.0,6.8,7390.0,4.8,3164.0,2.1,39.2,116887.0,75.9,111372.0,72.3,25608.0,16.6,21016.0,13.6,116887.0,116887.0,54807.0,46.9,62080.0,53.1,21016.0,21016.0,8607.0,41.0,12409.0,59.0,154045.0,154045.0,149214.0,96.9,4831.0,3.1,149214.0,96.9,118217.0,76.7,12652.0,8.2,225.0,0.1,7323.0,4.8,506.0,0.3,876.0,0.6,51.0,0.0,68.0,0.0,202.0,0.1,902.0,0.6,4718.0,3.1,10789.0,7.0,4831.0,3.1,3248.0,2.1
85,36,167315.0,167315.0,82476.5,49.25,84838.5,50.75,8767.0,5.2,10447.0,6.25,10377.0,6.2,12919.5,7.7,10491.0,6.3,18966.5,11.35,23153.5,13.85,26365.0,15.8,11615.5,6.95,9833.0,5.9,11573.5,6.95,8938.5,5.35,3868.0,2.3,40.4,130972.0,78.25,122163.5,73.0,30017.0,17.9,24380.0,14.6,130972.0,130972.0,63816.5,48.75,67155.5,51.25,24380.0,24380.0,10573.5,43.35,13806.5,56.65,167315.0,167315.0,163875.0,97.95,3440.0,2.05,163875.0,97.95,137934.0,82.45,5124.0,3.1,117.0,0.1,16036.0,9.6,4686.5,2.8,6943.5,4.15,498.0,0.3,448.5,0.25,1584.5,0.95,545.0,0.35,1330.0,0.8,4559.0,2.75,3440.0,2.05,551.0,0.35
86,37,158353.5,158353.5,79236.5,50.0,79117.0,50.0,9487.5,5.95,9732.5,6.15,9959.5,6.25,10888.5,6.9,10755.5,6.8,19155.5,12.1,22091.0,13.95,26691.5,16.85,10686.0,6.75,8074.0,5.1,10477.5,6.6,6669.5,4.2,3685.0,2.3,39.6,122586.5,77.4,115634.5,73.05,25306.5,15.95,20832.0,13.15,122586.5,122586.5,60657.0,49.45,61929.5,50.55,20832.0,20832.0,8836.0,42.4,11996.0,57.6,158353.5,158353.5,154678.0,97.7,3675.5,2.3,154678.0,97.7,137018.5,86.55,5405.5,3.45,361.0,0.2,3699.5,2.3,412.0,0.3,736.0,0.45,462.0,0.3,112.0,0.1,411.5,0.25,567.5,0.35,998.5,0.6,8161.0,5.15,3675.5,2.3,1364.0,0.85
87,38,168589.0,168589.0,83481.0,49.5,85108.0,50.5,10462.5,6.2,11050.5,6.55,12005.0,7.1,11926.5,7.1,9020.0,5.35,19232.0,11.4,25369.5,15.05,28636.5,16.95,11370.5,6.75,9405.5,5.6,10581.5,6.3,6336.0,3.75,3193.0,1.9,39.55,127507.0,75.65,121220.0,71.9,25781.5,15.3,20110.5,11.95,127507.0,127507.0,62342.0,48.85,65165.0,51.15,20110.5,20110.5,8633.5,42.95,11477.0,57.05,168589.0,168589.0,164958.5,97.85,3630.5,2.15,164958.5,97.85,156710.5,92.95,2333.0,1.4,327.0,0.2,2339.0,1.4,760.0,0.45,408.5,0.25,132.5,0.1,71.0,0.0,50.0,0.0,237.0,0.15,680.0,0.4,3234.0,1.95,3630.5,2.15,844.0,0.5
88,39,163073.0,163073.0,81098.0,49.7,81975.0,50.3,8732.0,5.4,10489.0,6.4,11719.0,7.2,11612.0,7.1,7993.0,4.9,16904.0,10.4,23851.0,14.6,28129.0,17.2,12220.0,7.5,9979.0,6.1,11664.0,7.2,6931.0,4.3,2850.0,1.7,41.4,124421.0,76.3,118614.0,72.7,26957.0,16.5,21445.0,13.2,124421.0,124421.0,61046.0,49.1,63375.0,50.9,21445.0,21445.0,9389.0,43.8,12056.0,56.2,163073.0,163073.0,160790.0,98.6,2283.0,1.4,160790.0,98.6,156888.0,96.2,886.0,0.5,254.0,0.2,1320.0,0.8,167.0,0.1,623.0,0.4,114.0,0.1,73.0,0.0,35.0,0.0,42.0,0.0,266.0,0.2,1442.0,0.9,2283.0,1.4,750.0,0.5
89,46,162209.0,162209.0,81045.0,50.0,81164.0,50.0,8122.0,5.0,10381.0,6.4,12220.0,7.5,11367.0,7.0,8368.0,5.2,16128.0,9.9,22698.0,14.0,28223.0,17.4,12303.0,7.6,10537.0,6.5,12149.0,7.5,6778.0,4.2,2935.0,1.8,42.0,124080.0,76.5,118107.0,72.8,27666.0,17.1,21862.0,13.5,124080.0,124080.0,61227.0,49.3,62853.0,50.7,21862.0,21862.0,9605.0,43.9,12257.0,56.1,162209.0,162209.0,159937.0,98.6,2272.0,1.4,159937.0,98.6,155838.0,96.1,1035.0,0.6,207.0,0.1,1421.0,0.9,271.0,0.2,686.0,0.4,88.0,0.1,27.0,0.0,73.0,0.0,51.0,0.0,225.0,0.1,1410.0,0.9,2272.0,1.4,479.0,0.3
