,Id,Id2,Geography,Estimate; Total:,Margin of Error; Total:,"Estimate; Total: - Less than $10,000","Margin of Error; Total: - Less than $10,000","Estimate; Total: - $10,000 to $14,999","Margin of Error; Total: - $10,000 to $14,999","Estimate; Total: - $15,000 to $19,999","Margin of Error; Total: - $15,000 to $19,999","Estimate; Total: - $20,000 to $24,999","Margin of Error; Total: - $20,000 to $24,999","Estimate; Total: - $25,000 to $29,999","Margin of Error; Total: - $25,000 to $29,999","Estimate; Total: - $30,000 to $34,999","Margin of Error; Total: - $30,000 to $34,999","Estimate; Total: - $35,000 to $39,999","Margin of Error; Total: - $35,000 to $39,999","Estimate; Total: - $40,000 to $44,999","Margin of Error; Total: - $40,000 to $44,999","Estimate; Total: - $45,000 to $49,999","Margin of Error; Total: - $45,000 to $49,999","Estimate; Total: - $50,000 to $59,999","Margin of Error; Total: - $50,000 to $59,999","Estimate; Total: - $60,000 to $74,999","Margin of Error; Total: - $60,000 to $74,999","Estimate; Total: - $75,000 to $99,999","Margin of Error; Total: - $75,000 to $99,999","Estimate; Total: - $100,000 to $124,999","Margin of Error; Total: - $100,000 to $124,999","Estimate; Total: - $125,000 to $149,999","Margin of Error; Total: - $125,000 to $149,999","Estimate; Total: - $150,000 to $199,999","Margin of Error; Total: - $150,000 to $199,999","Estimate; Total: - $200,000 or more","Margin of Error; Total: - $200,000 or more"
0,620L200US25060,25060,1st Barnstable,17710,435,1054,267,695,185,827,197,804,182,1099,200,819,199,815,206,923,202,749,193,1630,266,1919,319,2272,255,1866,287,788,201,874,174,576,134
1,620L200US25061,25061,2nd Barnstable,17827,710,1426,374,1015,295,852,202,843,178,991,252,970,247,1033,253,1057,243,796,232,1419,254,2003,322,2133,315,1485,259,675,159,622,171,507,141
2,620L200US25062,25062,3rd Barnstable,17343,579,676,154,576,176,796,192,720,173,495,114,712,210,878,261,928,220,862,173,1432,250,2020,302,2716,339,1638,275,991,210,958,212,945,166
3,620L200US25063,25063,4th Barnstable,17888,484,697,164,827,212,882,219,956,222,637,185,906,201,655,164,880,193,914,206,1610,333,1808,296,2525,349,1534,207,717,151,1166,210,1174,191
4,620L200US25064,25064,"Barnstable, Dukes & Nantucket",15715,589,853,227,806,169,647,214,674,155,643,150,600,167,459,149,509,156,446,139,1046,225,1326,258,2692,388,1368,246,1166,246,1155,199,1325,194
5,620L200US25065,25065,1st Berkshire,14981,376,1187,209,1304,235,956,168,980,187,738,141,930,160,785,186,863,177,641,144,1034,165,1503,190,1722,188,1120,170,343,86,508,119,367,102
6,620L200US25066,25066,2nd Berkshire,16841,306,579,129,872,183,737,135,1012,164,839,165,858,146,775,164,906,153,605,128,1311,220,2175,228,2648,242,1300,144,887,156,717,130,620,107
7,620L200US25067,25067,3rd Berkshire,17416,407,1765,314,1491,251,1083,208,972,216,1013,229,1090,212,830,166,761,212,676,178,1614,239,2005,251,1627,230,1090,223,574,161,465,110,360,110
8,620L200US25068,25068,4th Berkshire,15325,400,852,168,660,162,948,195,685,146,761,174,736,175,715,158,768,168,655,159,1379,227,1539,248,2093,267,1316,169,733,167,757,167,728,148
9,620L200US25069,25069,1st Bristol,14014,430,324,102,326,121,366,121,592,194,291,110,547,192,389,117,517,180,534,167,784,165,1367,265,1733,293,1824,309,1186,217,1699,254,1535,221
10,620L200US25070,25070,2nd Bristol,15010,373,473,157,693,201,689,197,657,185,431,117,509,140,567,184,789,230,801,228,1482,294,1697,297,2018,268,1723,286,1067,228,967,193,447,120
11,620L200US25071,25071,3rd Bristol,14809,394,786,196,947,244,712,186,840,207,684,172,839,215,599,178,680,218,739,215,1349,295,1500,245,1973,311,1367,238,773,178,717,171,304,115
12,620L200US25072,25072,4th Bristol,14990,333,335,111,521,140,458,139,479,140,598,194,492,134,588,188,584,150,456,125,1063,225,1648,269,2054,259,1761,238,1894,268,1035,193,1024,216
13,620L200US25073,25073,5th Bristol,16322,447,846,216,831,210,833,221,742,166,529,174,629,154,664,195,764,218,828,191,1230,256,1433,253,2631,301,2130,306,824,168,936,229,472,134
14,620L200US25074,25074,6th Bristol,15130,400,1396,229,1210,233,814,189,811,157,786,214,755,169,610,181,604,158,562,169,1118,238,1623,264,1939,313,1189,205,798,161,569,138,346,105
15,620L200US25075,25075,7th Bristol,15906,416,2051,328,2135,363,1311,265,1202,297,1047,238,1083,210,1045,225,832,232,544,181,1000,234,1154,231,1240,244,763,222,170,79,214,130,115,81
16,620L200US25076,25076,8th Bristol,16198,440,1520,269,1152,255,1042,207,1042,221,994,222,677,195,924,212,607,207,471,142,1440,267,1678,240,2044,272,1099,208,569,124,470,143,469,153
17,620L200US25077,25077,9th Bristol,16215,461,768,176,942,203,633,147,773,196,438,139,560,142,489,161,563,167,402,133,1118,246,1703,297,2705,326,1912,255,1221,176,1267,233,721,152
18,620L200US25078,25078,10th Bristol,14883,326,642,158,553,144,661,182,522,123,535,142,427,120,466,124,460,144,560,149,961,192,1505,248,2654,287,1766,268,1393,228,1133,185,645,151
19,620L200US25079,25079,11th Bristol,15581,381,1367,240,1188,225,887,171,954,182,746,159,952,203,553,171,678,166,584,139,1442,229,1771,252,1844,252,1184,199,523,134,648,168,260,109
20,620L200US25080,25080,12th Bristol,15255,430,1163,222,1032,211,764,183,776,204,804,193,883,211,622,164,469,154,845,195,1473,300,1427,243,1646,272,1556,220,735,178,717,157,343,112
21,620L200US25081,25081,13th Bristol,17104,445,2278,315,1956,277,1543,238,1294,223,795,182,837,176,920,203,708,160,738,174,1309,231,1153,243,1906,263,601,128,482,129,367,115,217,80
22,620L200US25082,25082,14th Bristol,16196,464,418,158,655,169,455,156,579,196,695,209,522,150,500,152,537,141,760,237,1362,271,1272,262,2498,363,2069,268,1343,239,1675,277,856,181
23,620L200US25083,25083,1st Essex,17476,345,791,169,716,162,613,149,614,151,558,159,530,149,692,184,493,151,643,174,1140,189,1764,252,2426,273,1821,246,1657,258,1649,248,1369,190
24,620L200US25084,25084,2nd Essex,15640,391,383,121,558,174,479,144,500,140,272,116,520,149,550,150,393,135,311,136,1059,222,1532,210,2240,341,1970,247,1664,235,1650,238,1559,285
25,620L200US25085,25085,3rd Essex,16594,364,1282,251,1172,203,621,161,1025,221,526,154,874,208,669,179,791,208,562,150,1468,256,1459,245,2300,301,1586,288,925,157,801,190,533,169
26,620L200US25086,25086,4th Essex,14340,440,464,127,538,180,412,126,321,94,312,93,430,119,410,129,386,131,262,92,821,183,1044,167,1707,288,1815,259,1245,219,1849,281,2324,282
27,620L200US25087,25087,5th Essex,16713,344,983,187,677,161,798,178,686,183,720,199,1036,225,657,159,601,133,622,176,1333,200,1578,232,2303,261,1553,237,1004,175,1025,190,1137,199
28,620L200US25088,25088,6th Essex,15278,434,919,214,946,212,460,134,618,142,554,150,558,191,336,115,508,175,590,164,1337,249,1378,228,1887,289,1479,279,1140,214,1317,219,1251,231
29,620L200US25089,25089,7th Essex,17690,419,1293,295,1153,211,686,177,1006,224,979,217,674,170,760,205,744,194,799,209,1192,244,1886,315,2619,296,1332,221,1118,192,826,170,623,154
30,620L200US25090,25090,8th Essex,16391,409,980,231,665,202,495,158,368,138,510,139,526,184,536,133,448,138,370,128,1027,193,1408,319,2227,331,1738,285,1021,204,1558,233,2514,313
31,620L200US25091,25091,9th Essex,15429,466,830,230,575,173,500,189,544,173,677,224,432,149,550,161,463,145,437,119,906,195,1735,302,2129,322,1664,278,1488,240,1581,215,918,209
32,620L200US25092,25092,10th Essex,14816,483,1659,329,1073,220,796,190,816,256,717,191,836,202,921,234,771,245,806,217,1131,208,1302,239,1639,242,1029,223,697,167,423,119,200,96
33,620L200US25093,25093,11th Essex,15450,406,1783,274,1346,198,700,187,965,199,887,199,971,214,611,166,779,161,791,199,1094,226,1328,207,1697,248,1024,148,666,168,506,134,302,119
34,620L200US25094,25094,12th Essex,18403,470,1005,252,965,192,898,174,744,186,881,207,897,196,901,190,819,182,768,196,1442,201,2048,314,2538,321,1606,263,1190,217,1161,207,540,134
35,620L200US25095,25095,13th Essex,14808,346,346,126,589,172,456,139,365,113,545,118,391,105,425,108,356,104,326,131,1083,235,1500,231,2194,309,2003,297,1247,232,1508,266,1474,212
36,620L200US25096,25096,14th Essex,15583,519,1093,214,880,235,679,175,636,224,878,268,772,226,578,145,546,183,935,218,1325,275,1434,276,1766,289,1205,239,737,177,948,219,1171,201
37,620L200US25097,25097,15th Essex,15962,384,834,208,681,172,808,205,660,173,637,156,805,190,534,138,506,166,935,256,1020,211,1593,258,2424,302,1619,221,1152,201,1148,198,606,131
38,620L200US25098,25098,16th Essex,14220,533,2802,346,1791,262,1593,270,1014,238,1109,259,883,227,522,137,506,134,469,150,791,170,864,196,815,205,500,159,332,150,52,39,177,82
39,620L200US25099,25099,17th Essex,15881,422,855,241,569,169,801,220,570,174,527,160,394,134,353,161,495,142,562,143,832,194,1379,239,1930,274,1913,302,1048,190,1717,233,1936,238
40,620L200US25100,25100,1st Franklin,17728,374,792,150,983,181,743,163,662,146,789,166,907,207,701,162,1004,172,831,185,1423,237,1915,221,2695,243,1858,258,984,180,861,134,580,108
41,620L200US25101,25101,2nd Franklin,17126,402,1137,247,1262,236,1092,190,754,156,837,172,840,175,1128,237,896,175,879,192,1625,243,2070,269,2393,241,982,206,654,136,364,99,213,94
42,620L200US25102,25102,1st Hampden,16830,426,1016,218,775,185,700,190,817,178,679,144,849,186,851,195,673,169,622,154,1547,227,1480,270,2339,313,1851,286,1033,231,1002,195,596,152
43,620L200US25103,25103,2nd Hampden,15813,393,649,149,492,153,425,122,635,177,491,125,706,189,547,165,523,177,423,126,899,170,1528,275,2109,265,2064,308,1443,231,1364,208,1515,207
44,620L200US25104,25104,3rd Hampden,16398,351,686,142,631,195,823,194,638,157,683,185,684,168,682,168,566,177,643,166,1270,252,1946,335,2713,319,1917,256,1236,232,892,184,388,116
45,620L200US25105,25105,4th Hampden,15207,592,996,241,902,203,1131,251,741,194,860,239,618,174,584,160,622,130,559,150,1291,214,1395,238,2024,300,1467,246,754,145,709,149,554,140
46,620L200US25106,25106,5th Hampden,16012,440,2599,315,1837,312,1295,246,1019,203,662,150,765,217,624,205,890,242,579,159,1135,251,1305,255,1545,256,740,162,415,132,339,117,263,118
47,620L200US25107,25107,6th Hampden,16791,420,1122,259,1153,189,1107,293,943,222,981,214,938,208,784,199,541,162,802,160,1405,239,2074,313,2214,258,1123,227,828,182,401,121,375,127
48,620L200US25108,25108,7th Hampden,15191,367,836,155,817,216,692,151,829,197,711,188,586,194,766,211,604,153,565,160,1248,237,1594,240,2310,342,1629,249,651,161,777,161,576,176
49,620L200US25109,25109,8th Hampden,16140,475,1356,266,1028,246,1215,278,865,171,813,194,940,230,1025,193,759,179,904,189,1344,204,1766,284,2018,269,1121,208,637,147,223,77,126,69
50,620L200US25110,25110,9th Hampden,15855,486,1438,231,1338,235,1135,224,835,221,944,258,817,199,887,200,876,217,689,197,1452,251,1642,288,2064,278,890,205,392,111,339,113,117,53
51,620L200US25111,25111,10th Hampden,14179,472,3445,382,2199,302,1567,279,857,196,810,189,866,226,703,182,628,170,382,140,511,139,851,194,596,174,377,142,170,88,118,91,99,74
52,620L200US25112,25112,11th Hampden,13306,415,2085,289,1298,272,1082,209,963,222,1003,221,629,155,733,189,663,191,463,109,810,172,1303,221,1459,243,383,121,218,96,132,86,82,44
53,620L200US25113,25113,12th Hampden,16461,359,764,192,891,216,850,232,695,161,624,160,759,216,469,114,514,156,653,151,978,200,1741,223,2747,327,1743,259,1052,195,1199,217,782,170
54,620L200US25114,25114,18th Essex,14695,373,241,80,353,107,481,157,342,111,508,152,520,165,315,97,536,143,432,147,752,167,1198,218,2109,256,1708,281,1067,173,1777,239,2356,235
55,620L200US25115,25115,1st Hampshire,16597,405,1238,223,1043,246,623,141,550,174,733,161,882,248,689,175,766,191,632,145,1183,227,1758,259,2181,244,1562,241,1044,198,882,169,831,186
56,620L200US25116,25116,2nd Hampshire,16293,372,669,178,777,189,660,156,753,203,705,193,770,208,851,185,864,240,676,192,1362,246,1750,300,2877,339,1674,244,714,167,704,190,487,145
57,620L200US25117,25117,3rd Hampshire,11390,639,936,212,846,220,545,193,608,164,435,176,739,205,261,98,482,120,231,103,712,170,905,242,1375,220,1056,197,837,185,769,189,653,153
58,620L200US25118,25118,1st Middlesex,15039,353,452,182,528,166,445,151,384,132,418,137,472,115,354,117,581,160,403,139,1085,211,1528,263,1972,218,1750,257,1451,205,1737,270,1479,194
59,620L200US25119,25119,2nd Middlesex,14645,277,300,114,266,76,325,116,319,105,201,68,361,108,316,121,328,136,316,105,645,157,1155,206,1792,209,1952,284,1584,227,2513,305,2272,248
60,620L200US25120,25120,3rd Middlesex,15812,336,630,184,517,178,456,144,534,146,602,152,464,127,571,140,528,134,377,112,822,199,1432,234,2347,302,1851,285,1486,224,1734,230,1461,210
61,620L200US25121,25121,4th Middlesex,18210,467,801,216,670,205,559,174,629,202,808,195,485,155,628,186,925,274,613,169,1060,236,1752,333,2495,365,2089,278,1695,349,1529,283,1472,237
62,620L200US25122,25122,5th Middlesex,15604,304,536,128,637,182,388,118,362,121,438,125,522,164,457,139,414,136,285,97,1000,215,1457,234,2069,311,1822,297,1733,251,1328,202,2156,243
63,620L200US25123,25123,6th Middlesex,15856,482,784,188,863,188,495,173,528,175,669,197,747,197,422,163,541,149,746,203,966,197,1394,262,2077,316,1736,313,1369,223,1429,208,1090,191
64,620L200US25124,25124,7th Middlesex,16795,467,986,242,540,146,571,158,686,163,943,251,573,159,534,159,604,164,541,193,1198,270,1680,305,2013,335,1613,245,1298,251,1598,231,1417,200
65,620L200US25125,25125,8th Middlesex,14474,285,252,132,248,122,355,133,273,92,158,75,383,143,257,97,322,134,298,107,738,207,1048,195,1452,209,1990,254,1162,193,2257,255,3281,279
66,620L200US25126,25126,9th Middlesex,15578,536,553,158,534,144,388,126,402,145,323,134,482,140,328,103,634,156,494,131,825,175,1471,255,2027,308,1946,282,1332,193,1696,253,2143,251
67,620L200US25127,25127,10th Middlesex,16179,517,1208,251,977,236,817,220,799,202,360,124,353,121,779,198,741,174,641,165,1220,243,1622,290,2441,333,1357,243,824,214,1134,240,906,206
68,620L200US25128,25128,11th Middlesex,14339,333,521,151,398,127,415,136,325,119,316,103,351,108,333,89,292,89,273,102,664,158,983,215,1412,250,1449,222,1272,188,1560,193,3775,252
69,620L200US25129,25129,12th Middlesex,13395,279,726,190,280,132,258,90,394,123,204,84,338,117,214,110,228,110,160,71,824,184,765,174,1375,219,1344,217,952,204,1490,220,3843,322
70,620L200US25130,25130,13th Middlesex,12665,221,278,80,235,102,144,63,158,68,188,86,143,87,207,86,178,79,131,69,613,151,783,159,1164,201,1318,232,1144,219,1755,214,4226,312
71,620L200US25131,25131,14th Middlesex,14922,311,408,99,363,107,331,111,382,126,453,148,260,103,437,155,482,136,332,121,726,187,898,192,1542,263,1461,234,1495,222,1900,252,3452,289
72,620L200US25132,25132,15th Middlesex,15809,452,484,120,482,139,400,119,460,144,567,152,442,138,252,91,379,135,486,158,841,213,1319,230,2062,280,1761,264,1278,208,1995,272,2601,240
73,620L200US25133,25133,16th Middlesex,15999,336,916,255,824,230,917,284,695,208,554,153,721,205,461,171,657,208,791,212,1400,339,1727,320,2259,386,1654,237,860,191,1157,203,406,105
74,620L200US25134,25134,17th Middlesex,16056,458,1446,276,1316,221,639,140,822,214,609,192,529,182,663,168,806,207,659,181,1448,264,1815,298,2169,283,1132,237,739,174,873,141,391,115
75,620L200US25135,25135,18th Middlesex,13542,432,1169,279,1139,263,864,210,680,174,671,179,769,221,540,198,537,155,619,189,1210,241,1566,275,2011,292,745,172,418,104,378,108,226,87
76,620L200US25136,25136,19th Middlesex,13902,353,263,109,379,127,405,127,446,120,368,132,466,139,303,101,567,149,438,137,842,171,1019,168,2424,322,1874,240,1557,222,1766,253,785,163
77,620L200US25137,25137,20th Middlesex,15087,362,212,94,413,118,289,100,267,105,416,115,295,114,363,143,372,129,365,122,718,166,1083,194,2173,302,1892,273,1658,223,2114,294,2457,340
78,620L200US25138,25138,21st Middlesex,15347,284,265,102,337,135,386,124,524,127,303,112,379,134,449,135,469,138,530,151,1041,206,1342,280,1885,273,2033,332,1568,255,2024,266,1812,273
79,620L200US25139,25139,22nd Middlesex,13859,358,261,97,234,101,385,163,333,111,248,101,438,146,456,156,417,148,453,140,887,183,1373,261,2585,322,2601,318,1363,218,1229,221,596,126
80,620L200US25140,25140,23rd Middlesex,17347,390,780,221,624,192,361,119,575,167,465,165,439,153,805,213,497,178,381,122,870,174,1468,260,2642,325,1924,271,1523,239,2024,275,1969,283
81,620L200US25141,25141,24th Middlesex,17150,403,869,232,636,194,549,168,626,152,458,139,516,148,524,167,336,100,435,137,938,192,1471,233,2411,324,1900,215,1348,202,1873,272,2260,250
82,620L200US25142,25142,25th Middlesex,16826,524,1488,287,648,173,558,148,653,170,490,161,499,156,509,136,705,179,493,126,1432,274,1434,223,1863,264,1454,212,1033,170,1520,293,2047,259
83,620L200US25143,25143,26th Middlesex,18563,502,1560,264,1086,221,1161,268,672,167,659,204,759,188,870,212,663,190,499,154,1269,242,1527,248,2690,348,1922,307,938,165,1110,208,1178,206
84,620L200US25144,25144,27th Middlesex,17178,529,907,206,594,195,567,182,790,219,499,186,695,209,636,198,713,214,700,224,1149,228,1856,326,2490,375,1931,330,1286,233,1374,234,991,193
85,620L200US25145,25145,28th Middlesex,17026,422,1114,233,1138,259,983,290,1035,239,913,269,1062,245,958,247,782,211,632,193,1245,286,1879,281,2545,326,970,220,684,221,779,199,307,104
86,620L200US25146,25146,29th Middlesex,17394,501,862,228,665,172,596,148,553,157,564,186,477,140,434,134,516,142,427,124,1138,199,1909,269,2644,363,2109,275,1398,256,1471,248,1631,239
87,620L200US25147,25147,30th Middlesex,15979,360,671,186,734,173,509,146,523,159,504,180,486,137,806,206,716,180,418,165,1002,201,1611,255,2564,314,1958,284,1434,231,1316,249,727,166
88,620L200US25148,25148,31st Middlesex,15149,279,500,137,336,130,422,110,409,128,399,122,467,139,442,119,458,131,295,92,928,202,1133,182,2125,286,1726,215,932,194,1869,250,2708,267
89,620L200US25149,25149,32nd Middlesex,16835,397,784,207,754,205,439,132,489,142,389,129,564,161,387,131,521,172,357,132,1046,228,1616,304,2436,329,1992,294,1777,248,1978,269,1306,231
90,620L200US25150,25150,33rd Middlesex,16985,405,1500,312,1013,275,901,203,991,262,976,270,633,177,710,185,1086,267,591,195,1173,252,1559,279,2278,361,1437,275,821,228,919,230,397,135
91,620L200US25151,25151,34th Middlesex,15142,471,1403,284,596,161,497,157,534,167,748,229,484,161,641,174,529,138,598,215,1433,294,1366,233,2148,341,1843,256,790,149,983,211,549,136
92,620L200US25152,25152,35th Middlesex,15369,379,897,207,619,161,491,158,869,207,496,147,670,190,636,213,399,150,715,198,1155,215,1661,272,2128,259,1673,297,1332,225,1155,196,473,151
93,620L200US25153,25153,36th Middlesex,14970,353,445,152,415,153,476,127,484,168,589,140,478,151,444,177,574,162,485,163,1097,276,1743,293,2512,347,1780,288,1248,229,1322,229,878,147
94,620L200US25154,25154,37th Middlesex,14514,480,331,105,503,174,252,107,449,150,421,143,465,186,437,160,342,100,426,127,683,196,1085,200,1917,290,2024,285,1181,181,1746,238,2252,201
95,620L200US25155,25155,18th Worcester,16269,362,333,120,381,127,565,176,359,144,514,167,793,201,276,118,642,204,606,155,1020,183,1811,279,2691,323,2323,293,1453,247,1637,254,865,182
96,620L200US25156,25156,5th Barnstable,15665,416,494,169,433,123,488,157,493,146,567,183,550,192,708,220,645,142,609,172,1197,274,1584,296,2800,354,1724,278,1218,186,1206,173,949,236
97,620L200US25157,25157,1st Norfolk,17782,518,925,231,873,238,706,184,707,209,477,165,779,255,668,205,911,205,563,201,1521,255,1763,256,2560,327,1909,302,1102,241,1344,251,974,207
98,620L200US25158,25158,2nd Norfolk,16144,510,820,243,975,283,817,184,570,188,588,175,660,159,430,142,783,230,692,183,1538,325,1656,300,2610,409,1479,225,1009,193,964,220,553,160
99,620L200US25159,25159,3rd Norfolk,17908,458,1186,235,1109,249,883,240,1017,241,768,232,767,222,570,177,593,165,666,173,1138,264,1762,248,2295,292,2104,286,1329,237,1132,231,589,170
100,620L200US25160,25160,4th Norfolk,16655,409,829,192,596,175,648,184,645,176,623,174,820,202,745,187,749,156,730,219,1311,247,1795,282,2373,324,1867,298,1145,198,1063,224,716,193
101,620L200US25161,25161,5th Norfolk,15915,431,838,214,544,179,480,142,419,128,719,209,624,179,400,124,389,103,643,199,997,228,1600,230,2401,317,1863,241,1562,251,1328,194,1108,208
102,620L200US25162,25162,6th Norfolk,15447,368,692,179,449,148,587,167,675,205,391,118,449,140,541,174,563,147,545,173,1206,288,1240,229,2212,302,2016,329,1188,225,1422,255,1271,172
103,620L200US25163,25163,7th Norfolk,14416,489,545,197,749,242,613,189,615,200,570,209,306,122,450,176,603,189,235,104,769,229,1211,223,2117,266,1501,247,1040,189,1517,273,1575,282
104,620L200US25164,25164,8th Norfolk,15118,316,597,154,563,174,544,164,481,156,388,137,368,121,357,110,425,136,284,95,779,171,1010,184,1665,244,1717,240,1751,234,2050,258,2139,246
105,620L200US25165,25165,9th Norfolk,13875,340,379,129,262,96,471,152,301,125,245,92,323,106,281,113,444,144,282,104,778,171,1156,223,1693,248,1787,262,1633,213,1643,236,2197,256
106,620L200US25166,25166,10th Norfolk,14299,284,487,170,382,137,310,108,288,137,427,145,454,136,350,124,344,141,435,155,752,169,1112,203,2135,247,2032,288,1346,236,1987,256,1458,230
107,620L200US25167,25167,11th Norfolk,15882,308,573,131,557,161,513,173,442,141,295,85,403,129,430,113,508,151,398,124,826,152,1452,220,1837,183,1839,217,1524,230,1829,268,2456,251
108,620L200US25168,25168,12th Norfolk,15894,450,446,154,507,159,501,165,488,153,659,203,570,141,595,197,527,145,658,184,1165,259,1870,305,2182,278,1789,259,1457,242,1456,275,1024,192
109,620L200US25169,25169,13th Norfolk,14221,300,476,138,295,108,271,109,383,140,235,97,313,93,177,79,234,99,305,105,458,119,1084,246,1283,230,1553,239,936,181,1732,224,4486,330
110,620L200US25170,25170,14th Norfolk,13424,380,460,152,169,69,214,86,229,91,207,86,378,124,200,86,175,80,185,81,377,110,763,158,1022,172,1187,229,1068,195,1589,232,5201,338
111,620L200US25171,25171,15th Norfolk,17237,487,1749,344,856,208,314,128,422,143,356,132,378,127,350,125,595,162,458,142,917,210,1161,250,1711,329,1888,243,1206,243,1925,256,2951,308
112,620L200US25172,25172,1st Plymouth,16573,399,590,188,635,198,569,177,504,169,502,143,643,172,522,204,534,146,605,186,1182,264,1638,257,2496,359,2110,309,1637,231,1286,212,1120,228
113,620L200US25173,25173,2nd Plymouth,17402,434,1096,299,878,241,801,181,816,177,524,202,856,181,873,209,843,223,899,206,1450,323,1445,248,2749,321,1783,238,1054,209,887,170,448,115
114,620L200US25174,25174,3rd Plymouth,16544,405,496,182,432,133,344,96,462,135,505,170,556,137,734,176,533,141,426,121,840,178,1535,261,1898,278,1645,278,1322,206,1482,218,3334,331
115,620L200US25175,25175,4th Plymouth,15159,320,351,120,422,140,431,125,461,143,447,163,354,111,395,166,436,121,483,128,1314,280,1328,276,1910,311,1742,239,1293,219,1804,237,1988,291
116,620L200US25176,25176,5th Plymouth,15109,319,497,155,404,136,460,143,370,110,529,207,584,182,692,170,430,144,402,147,1152,217,1475,274,2119,307,1944,265,1234,203,1408,239,1409,221
117,620L200US25177,25177,6th Plymouth,14444,327,343,115,345,109,414,121,384,111,226,81,443,173,283,114,352,120,343,108,669,130,1498,193,2489,323,2109,227,1350,224,1610,223,1586,212
118,620L200US25178,25178,7th Plymouth,15836,333,623,185,559,159,499,157,412,133,498,160,420,152,466,128,525,133,629,198,1280,225,1697,239,2595,283,2278,230,1415,195,1364,213,576,144
119,620L200US25179,25179,8th Plymouth,13908,461,286,107,376,145,348,128,319,107,480,149,367,145,400,133,608,207,434,140,959,212,1215,253,2431,314,2161,346,1369,217,1374,218,781,153
120,620L200US25180,25180,9th Plymouth,13816,437,1045,207,949,209,773,200,647,150,840,205,910,203,638,156,650,176,663,174,1188,222,1666,308,1781,307,728,149,607,167,437,117,294,113
121,620L200US25181,25181,10th Plymouth,14712,391,761,167,849,195,689,195,538,149,494,144,679,180,447,158,607,141,599,168,1105,225,1606,247,3003,370,1541,239,673,153,634,153,487,120
122,620L200US25182,25182,11th Plymouth,13752,453,994,241,847,206,733,200,665,160,584,174,666,180,596,148,532,143,549,174,834,183,1319,281,1803,282,1017,236,774,171,1021,160,818,147
123,620L200US25183,25183,12th Plymouth,16509,436,524,139,540,157,637,174,433,137,702,197,613,137,575,154,629,172,650,168,1242,239,1429,247,2578,299,1847,280,1294,281,1547,234,1269,183
124,620L200US25184,25184,1st Suffolk,14832,380,1426,249,899,195,907,197,831,190,950,217,876,245,760,206,668,184,583,142,1206,219,1517,247,1933,319,1100,189,537,170,355,142,284,130
125,620L200US25185,25185,2nd Suffolk,16859,563,1715,281,1402,232,743,179,707,172,768,201,819,200,517,153,534,182,566,151,1004,235,1566,277,1920,274,1072,254,883,209,1083,209,1560,249
126,620L200US25186,25186,3rd Suffolk,22226,544,2935,367,1584,264,983,247,871,239,522,195,637,165,902,179,607,170,611,168,1156,237,1507,277,2068,282,1443,287,1621,254,1358,224,3421,341
127,620L200US25187,25187,4th Suffolk,18945,427,2177,293,1198,220,806,171,748,181,692,149,640,193,672,213,623,187,553,163,1215,229,1563,246,2434,294,1515,261,1264,215,1527,274,1318,213
128,620L200US25188,25188,5th Suffolk,12027,366,1599,238,937,213,833,203,616,172,626,166,828,190,480,136,578,164,452,129,887,189,971,216,1466,249,875,182,367,143,367,139,145,69
129,620L200US25189,25189,6th Suffolk,12298,427,1648,285,1014,237,783,202,573,176,518,169,628,175,535,144,492,164,569,172,1076,239,1273,261,1271,213,729,143,473,151,568,159,148,85
130,620L200US25190,25190,7th Suffolk,14409,526,3397,376,1702,264,943,201,584,168,651,180,796,198,730,192,680,200,628,177,807,185,1055,215,878,217,625,195,380,139,325,135,228,102
131,620L200US25191,25191,8th Suffolk,20522,486,1512,262,915,227,443,140,704,202,596,192,604,169,600,198,667,215,383,127,1232,244,1921,302,2797,304,1777,321,1185,273,1763,295,3423,339
132,620L200US25192,25192,9th Suffolk,18782,545,4480,431,1549,316,745,177,776,216,761,220,529,152,629,174,809,221,481,129,985,244,1095,232,1677,253,927,199,654,170,866,182,1819,272
133,620L200US25193,25193,10th Suffolk,16759,397,762,218,633,202,551,216,332,104,417,140,371,131,412,143,573,166,557,151,1016,213,1439,294,2187,345,2161,315,1316,294,1605,216,2427,267
134,620L200US25194,25194,11th Suffolk,16086,439,2577,391,1402,249,1199,243,826,202,951,204,874,218,489,145,604,163,479,133,1255,221,1208,214,1565,243,1199,213,528,162,420,116,510,146
135,620L200US25195,25195,12th Suffolk,13931,386,1373,294,660,169,813,220,843,214,448,141,705,198,523,186,654,223,539,195,888,187,1274,246,1811,291,1478,262,777,197,689,191,456,140
136,620L200US25196,25196,13th Suffolk,12758,409,1352,253,630,159,628,158,529,164,350,129,652,188,556,185,656,180,576,174,992,241,1121,216,1625,277,885,223,906,237,809,197,491,170
137,620L200US25197,25197,14th Suffolk,14997,394,985,210,858,237,776,208,693,198,428,132,695,175,418,136,714,179,629,176,1245,221,1363,285,2071,355,1422,246,811,160,1141,227,748,184
138,620L200US25198,25198,15th Suffolk,16276,362,1685,268,958,221,774,195,385,137,569,166,648,153,606,191,636,155,491,144,1132,202,1410,226,1828,289,1606,272,882,186,1249,237,1417,206
139,620L200US25199,25199,16th Suffolk,16243,534,1283,272,874,247,988,255,634,177,737,184,789,175,446,151,981,264,775,235,1257,263,1568,251,2292,308,1731,261,967,239,695,179,226,92
140,620L200US25200,25200,17th Suffolk,17522,547,2671,397,1236,275,1005,259,924,230,715,211,837,170,933,228,601,147,811,219,1382,263,1803,254,1763,284,1024,269,638,162,788,175,391,118
141,620L200US25201,25201,18th Suffolk,13818,456,2082,359,1019,198,652,169,557,168,385,151,483,178,431,129,551,185,489,176,863,160,1414,267,1681,229,1078,217,572,139,782,201,779,166
142,620L200US25202,25202,19th Suffolk,15572,545,1552,316,855,167,731,205,665,181,668,193,627,168,711,192,678,193,599,186,1288,246,1633,239,2101,320,1065,189,1113,220,825,167,461,125
143,620L200US25203,25203,1st Worcester,16077,301,460,118,491,145,211,89,453,144,268,91,470,147,423,119,445,115,610,156,1194,183,1634,245,2436,280,2387,298,1688,226,1779,221,1128,191
144,620L200US25204,25204,2nd Worcester,15479,387,760,174,1054,180,818,242,544,132,671,188,946,180,825,208,671,172,473,154,1282,197,1809,287,2334,255,1379,215,868,164,727,159,318,112
145,620L200US25205,25205,3rd Worcester,14741,464,1399,282,953,188,859,207,958,226,703,156,773,204,651,178,548,146,724,185,1010,218,1642,251,1930,249,1275,233,654,186,443,143,219,86
146,620L200US25206,25206,4th Worcester,16095,350,1146,268,851,224,811,200,799,208,750,157,575,162,803,205,654,192,516,138,1280,255,1578,262,2709,377,1450,255,1034,217,742,176,397,115
147,620L200US25207,25207,5th Worcester,15809,404,800,170,754,158,770,191,665,171,561,149,607,149,548,177,539,128,688,203,1351,240,1872,307,2625,312,1731,261,1056,192,744,175,498,149
148,620L200US25208,25208,6th Worcester,15688,429,821,194,810,190,947,172,725,162,671,159,778,173,594,144,673,191,694,212,968,236,1600,260,2515,290,1624,240,894,177,888,173,486,140
149,620L200US25209,25209,7th Worcester,14966,422,394,108,575,163,430,125,686,151,581,173,569,156,707,180,527,165,408,118,907,212,1436,248,2822,289,2101,274,1106,194,1020,196,697,157
150,620L200US25210,25210,8th Worcester,16904,448,974,230,900,221,898,232,632,164,734,204,672,221,534,181,714,168,595,144,1290,235,1917,262,2692,304,1746,265,1052,208,1048,211,506,178
151,620L200US25211,25211,9th Worcester,17076,381,387,137,586,131,612,148,526,160,474,154,402,140,426,139,660,189,731,154,1188,251,1450,236,2109,252,2082,301,1664,225,1881,271,1898,196
152,620L200US25212,25212,10th Worcester,14823,354,577,153,700,171,452,134,446,165,621,192,655,165,535,150,558,174,499,144,1041,234,1207,244,2081,313,1728,250,1142,194,1357,256,1224,222
153,620L200US25213,25213,11th Worcester,15538,366,340,131,328,112,393,138,337,146,355,123,524,164,473,134,415,152,682,148,1140,208,1344,274,2355,323,1991,303,1526,279,1893,275,1442,235
154,620L200US25214,25214,12th Worcester,15545,374,526,166,377,99,684,188,379,161,519,160,599,171,595,140,482,129,414,147,884,201,1529,237,2138,289,2010,286,1522,216,1414,227,1473,201
155,620L200US25215,25215,13th Worcester,15440,347,1029,212,553,186,585,185,659,170,443,147,476,165,684,174,583,181,577,171,1012,181,1733,313,2039,299,1749,256,1062,178,1226,216,1030,194
156,620L200US25216,25216,14th Worcester,16122,543,1068,237,1073,277,824,208,969,221,721,176,878,212,799,198,828,183,552,151,1428,250,1769,280,1883,271,1379,250,904,168,691,175,356,113
157,620L200US25217,25217,15th Worcester,16491,561,2770,373,1499,300,1400,269,1093,245,952,221,884,228,947,231,760,176,739,189,849,181,1330,289,1434,243,812,204,543,191,271,129,208,92
158,620L200US25218,25218,16th Worcester,15820,442,1325,273,1277,251,790,220,987,286,781,197,786,214,813,250,910,246,643,211,1639,308,1581,331,1971,309,847,188,689,248,538,159,243,123
159,620L200US25219,25219,17th Worcester,14132,413,1324,235,946,222,803,212,810,204,702,177,602,170,407,123,840,267,544,171,1042,216,1821,355,1771,257,1017,201,673,167,595,158,235,78
